Arts,68,49,63,69,70,58,48,66,65,56,60,70,61,68,57,58,50,54,,67,53,65,56,69,62,60,60,47,70,68,61,57,69,75,53,69,77,72,54,54,62,48,39,57,49,58,59,53,53,47,64,57,70,64,36,58,59,63,38,50,49,40,48,57,42,54,30,22,69,57,64,43,34,43,36,35,38,58,25,40,56,62,59,19,54,43,25,32,25,39,45,43,28,54,41,42,42,43,35,40
Physics,91,91,88,89,92,95,91,85,83,88,78,86,84,79,72,87,64,82,83,74,74,74,75,79,70,73,83,71,77,73,69,74,69,74,77,73,76,74,75,70,65,84,69,74,71,62,83,70,76,63,51,62,72,66,52,52,61,62,59,62,71,62,52,31,53,60,61,56,53,72,55,53,49,60,47,54,61,49,51,60,73,51,45,45,42,48,45,39,36,,,,74,59,80,74,78,82,66,71,84,76,73,65,82,77,43,81,58,59,63,66,65,57,52,37,41,83,88,91,87,81,82,76,74,82,80,80,80,76,75,88,73,67,79,74,55,39,50,60,58,93,76,76,91,85,68,76,69,55,44,63,86,90,77,62,64,51,54,60,63,46,87,92,80,87,74,85,76,69,68,85,74,70,68,78,82,49,80,70,56,59,56,46,93,91,84,89,89,88,93,89,88,91,81,82,87,91,81,79,78,86,86,81,76,81,89,88,83,74,86,73,86,84,84,71,74,72,65,83,80,81,81,78,68,75,74,87,74,74,78,85,76,65,80,66,73,56,67,82,73,69,77,48,68,74,67,69,68,55,65,68,52,58,42,56,61,43,47,52,47,60,58,55,41,50,52,34,48,45,49,47,47,39,34,28,87,84,32,64,60,72,89,82,,71,60,63,60,62,49,77,71,76,68,79,80,,79,89,73,94,88,74,84,87,60,80,89,80,72,78,85,96,64,84,87,91,84,72,91,47,60,80,51,79,86,78,84,72,64,72,81,76,60,75,65,98,60,74,84,72,76,81,54,80,93,82,87,82,84,71,65,74,87,91,88,42,94,67,76,60,85,68,75,83,81,88,91,87,88,99,87,95,85,80,88,77,83,81,85,84,73,84,82,87,82,78,79,76,85,66,79,73,90,82,58,70,78,65,66,67,59,63,70,77,62,67,62,71,65,75,74,62,52,61,51,73,69,65,66,63,67,51,56,41,78,54,53,63,61,66,61,48,45,55,47,58,40,51,49,58,45,47,44,40,44,41,44,46,38,41,41,33,32,19,21,31,26,93,82,70,96,86,71,95,70,60,66,96,91,69,80,70,81,82,67,93,89,86,74,68,81,55,90,73,51,79,80,68,82,81,70,76,66,57,63,63,47,56,68,76,60,82,70,84,83,40,82,69,83,33,69,55,50,53,65,43,46,61,61,74,65,49,44,57,68,32,57,45,62,47,67,36,43,50,60,53,65,26,50,43,49,28,33,45,17,29,,,89.,81.,83.,78.,69.,75.,67.,68.,73.,67.,70.,71.,97.,63.,95.,97.,66.,93.,61.,61.,64.,90.,91.,92.,92.,59.,66.,88.,86.,86.,55.,87.,87.,93.,60.,86.,90.,83.,87.,82.,89.,75.,81.,78.,83.,85.,74.,84.,82.,45.,83.,55.,68.,84.,73.,84.,77.,45.,79.,73.,77.,71.,80.,68.,90.,81.,71.,71.,68.,56.,72.,47.,41.,60.,64.,30.,49.,43.,53.,46.,69.,47.,50.,44.,60.,,44.,36.,,,
name,肖斌,翟邵彧,葛凯迪,曹宁,刘馨泽,曹宏宇,王丰,邓雪慧,朱彤,陈蕊,陈天舒,冯睿,李晗,李秉杰,罗曼琪,沈云珩,崔菁钰,吉玥,荣艺,赵凤婕,张雨萱,申睿宁,杨兰馥,何佳宁,何穆荻,常耘绮,胡君薇,倪景,张运泽,刘金若,黄浩然,范心怡,纪卓君,吴若曦,李凌朔,王泽萁,黄子英,孙飞凡,赵冉,毕安云凝,王博,安鑫,李子航,刘天硕,李千寻,王天旻,刘重,吴佩英,冯震,全明润,刘仔仪,王潇雨,唐嘉怿,巢思易,李千默,王澍,陈雨涛,蔡思源,曹艺馨,郭若琳,邓云飞,彭倚梦,张锦华,张琪,高静琪,韩嘉依,王云铎,王鑫,张宁,吴凯,王子坤,路猷佳,陈仕杰,邵春蕊,童妍,马会行,张笑宇,臧英皓,李成功,杨舒仪,郭思远,乔宁,康卜文,高鼎伦,李博鸿,何佳伟,姜明宇,赵雅娟,于瑞锋,张伯骏,张满,陈宝喆,马苏洋,何超,陈相呈,杨光,郭宇,张奥,房紫怡,段璐威,陈天舒,李秉杰,肖斌,刘馨泽,吴若曦,曹宁,冯睿,葛凯迪,何穆荻,翟邵彧,李晗,陈蕊,蔡思源,黄子英,邓雪慧,王丰,张雨萱,杨兰馥,吉玥,荣艺,范心怡,刘金若,崔菁钰,申睿宁,曹宏宇,何佳宁,黄浩然,张运泽,吴佩英,罗曼琪,刘仔仪,唐嘉怿,王博,冯震,孙飞凡,安鑫,纪卓君,毕安云凝,沈云珩,邓云飞,胡君薇,赵凤婕,刘天硕,赵冉,巢思易,李千默,杨舒仪,王天旻,倪景,朱彤,李博鸿,常耘绮,王潇雨,王泽萁,韩嘉依,乔宁,张笑宇,王澍,何佳伟,王云铎,全明润,彭倚梦,李千寻,郭思远,陈相呈,李子航,王子坤,李凌朔,郭若琳,高鼎伦,张锦华,路猷佳,康卜文,刘重,陈雨涛,高静琪,臧英皓,张宁,王鑫,李成功,张琪,陈仕杰,吴凯,邵春蕊,赵雅娟,曹艺馨,何超,张满,陈宝喆,马会行,杨光,张伯骏,于瑞锋,郭宇,姜明宇,童妍,张奥,马苏洋,段璐威,房紫怡,肖斌,曹宁,冯睿,刘馨泽,陈天舒,陈蕊,李秉杰,李晗,崔菁钰,邓雪慧,王泽萁,翟邵彧,吉玥,吴若曦,李千寻,纪卓君,何佳宁,葛凯迪,孙飞凡,张雨萱,刘金若,申睿宁,杨兰馥,王博,安鑫,冯震,毕安云凝,蔡思源,范心怡,黄子英,胡君薇,王丰,荣艺,赵冉,唐嘉怿,吴佩英,刘仔仪,曹宏宇,黄浩然,何穆荻,沈云珩,罗曼琪,王潇雨,全明润,赵凤婕,刘重,乔宁,刘天硕,李千默,王天旻,朱彤,张笑宇,张宁,常耘绮,张运泽,邓云飞,倪景,何芳瑜,李凌朔,巢思易,王子坤,郭若琳,康卜文,韩嘉依,陈雨涛,陈相呈,杨舒仪,张琪,彭倚梦,王澍,王云铎,路猷佳,李子航,高鼎伦,高静琪,臧英皓,王鑫,陈仕杰,李博鸿,郭思远,李成功,马会行,张锦华,吴凯,曹艺馨,何佳伟,张满,姜明宇,邵春蕊,赵雅娟,杨光,童妍,陈宝喆,郭宇,张奥,于瑞锋,张伯骏,马苏洋,何超,段璐威,房紫怡,肖斌,陈天舒,范心怡,李晗,李秉杰,曹宁,何穆荻,黄浩然,罗曼琪,王丰,吴若曦,葛凯迪,朱彤,李千寻,陈蕊,冯睿,王泽萁,翟邵彧,刘金若,安鑫,常耘绮,邓雪慧,杨兰馥,荣艺,桂扬,崔菁钰,蔡思源,沈云珩,孙飞凡,王博,冯震,张雨萱,吉玥,李千默,胡君薇,巢思易,张笑宇,张运泽,赵冉,黄子英,申睿宁,赵凤婕,毕安云凝,王子坤,倪景,王潇雨,王澍,全明润,乔宁,纪卓君,王天旻,刘天硕,李子航,唐嘉怿,康卜文,刘仔仪,郭若琳,李凌朔,陈相呈,路猷佳,王鑫,韩嘉依,臧英皓,刘重,高静琪,王云铎,张锦华,高鼎伦,张宁,郭思远,吴佩英,吴凯,杨舒仪,李博鸿,陈雨涛,邵春蕊,张琪,陈仕杰,马苏洋,马会行,张奥,张满,何超,童妍,赵雅娟,陈宝喆,姜明宇,段璐威,房紫怡,张伯骏,曹艺馨,何佳宁,桂扬,臧英皓,黄浩然,陈蕊,吉玥,王泽萁,吴佩英,沈云珩,翟邵彧,黄子英,杨舒仪,全明润,邓雪慧,倪景,张宁,王丰,郭若琳,吴凯,陈仕杰,路猷佳,高静琪,陈雨涛,张琪,房紫怡,段璐威,罗曼琪,吴若曦,肖斌,李晗,李千寻,荣艺,申睿宁,王天旻,冯震,孙飞凡,纪卓君,李千默,王博,杨兰馥,葛凯迪,王潇雨,高鼎伦,赵凤婕,乔宁,张满,童妍,张伯骏,姜明宇,崔菁钰,李秉杰,刘天硕,常耘绮,陈天舒,张雨萱,安鑫,范心怡,赵冉,康卜文,刘重,何佳宁,李子航,王澍,张锦华,曹艺馨,王云铎,王鑫,马会行,郭思远,李博鸿,赵雅娟,蔡思源,冯睿,刘金若,曹宁,张笑宇,何穆荻,毕安云凝,张运泽,刘仔仪,朱彤,李凌朔,巢思易,唐嘉怿,胡君薇,王子坤,邵春蕊,陈相呈,韩嘉依,陈宝喆,何超,马苏洋,张奥,肖斌,李晗,吴若曦,张雨萱,陈天舒,李秉杰,曹宁,刘金若,罗曼琪,冯睿,翟邵彧,王泽萁,葛凯迪,蔡思源,桂扬,陈蕊,范心怡,朱彤,常耘绮,申睿宁,杨兰馥,荣艺,王丰,纪卓君,沈云珩,黄浩然,邓雪慧,孙飞凡,李千寻,何穆荻,吉玥,崔菁钰,毕安云凝,张运泽,全明润,巢思易,乔宁,冯震,王博,李千默,赵冉,黄子英,张笑宇,王子坤,王天旻,安鑫,何佳宁,王澍,倪景,刘仔仪,胡君薇,赵凤婕,高鼎伦,臧英皓,王潇雨,陈相呈,张锦华,王云铎,李凌朔,张宁,李子航,刘天硕,唐嘉怿,杨舒仪,韩嘉依,高静琪,吴佩英,陈雨涛,康卜文,路猷佳,郭若琳,陈仕杰,郭思远,曹艺馨,张琪,邵春蕊,王鑫,何超,李博鸿,马会行,童妍,张奥,吴凯,刘重,马苏洋,张满,姜明宇,陈宝喆,赵雅娟,张伯骏,房紫怡,段璐威,肖斌,陈天舒,吉玥,李秉杰,黄浩然,李晗,罗曼琪,刘馨泽,冯睿,邓雪慧,吴若曦,李千寻,范心怡,曹宁,王丰,翟邵彧,荣艺,赵冉,刘金若,陈蕊,王泽萁,吴佩英,朱彤,杨兰馥,常耘绮,何穆荻,黄子英,葛凯迪,张雨萱,李千默,全明润,王潇雨,申睿宁,安鑫,何佳宁,王博,沈云珩,孙飞凡,崔菁钰,巢思易,邓云飞,蔡思源,倪景,赵凤婕,毕安云凝,胡君薇,纪卓君,王天旻,刘重,刘仔仪,张运泽,冯震,李子航,曹宏宇,唐嘉怿,杨舒仪,张笑宇,王澍,张宁,李凌朔,康卜文,高静琪,臧英皓,彭倚梦,陈雨涛,乔宁,韩嘉依,李成功,李博鸿,王子坤,陈相呈,张锦华,王云铎,郭若琳,吴凯,王鑫,张琪,陈仕杰,曹艺馨,高鼎伦,马会行,姜明宇,路猷佳,郭思远,何佳伟,张满,于瑞锋,邵春蕊,张奥,马苏洋,陈宝喆,赵雅娟,何超,童妍,张伯骏,郭宇,杨光,段璐威,房紫怡,刘天硕,肖斌,吴若曦,陈蕊,曹宁,陈天舒,李秉杰,邓雪慧,孙飞凡,黄子英,杨兰馥,蔡思源,吉玥,李晗,刘馨泽,何穆荻,翟邵彧,葛凯迪,荣艺,黄浩然,王丰,刘天硕,申睿宁,吴佩英,朱彤,王泽萁,王博,何佳宁,沈云珩,纪卓君,王天旻,刘金若,王潇雨,冯震,毕安云凝,罗曼琪,范心怡,李千默,安鑫,张运泽,乔宁,李千寻,崔菁钰,张雨萱,冯睿,赵冉,曹宏宇,胡君薇,张笑宇,倪景,巢思易,常耘绮,王子坤,李子航,赵凤婕,刘仔仪,邓云飞,康卜文,张宁,陈相呈,杨舒仪,全明润,臧英皓,唐嘉怿,高鼎伦,李凌朔,张锦华,李博鸿,高静琪,张琪,路猷佳,陈雨涛,王澍,王云铎,吴凯,刘重,郭若琳,陈仕杰,何佳伟,郭思远,李成功,王鑫,邵春蕊,韩嘉依,童妍,马会行,姜明宇,张奥,张满,曹艺馨,何超,马苏洋,张伯骏,陈宝喆,于瑞锋,杨光,段璐威,郭宇,房紫怡,彭倚梦,赵雅娟,李晗,肖斌,纪卓君,曹宁,李秉杰,范心怡,陈蕊,蔡思源,冯睿,孙飞凡,王泽萁,吴若曦,巢思易,王潇雨,李千寻,常耘绮,邓雪慧,毕安云凝,胡君薇,黄浩然,陈天舒,吉玥,翟邵彧,杨兰馥,张笑宇,李千默,申睿宁,荣艺,王博,张运泽,王子坤,葛凯迪,刘金若,安鑫,朱彤,沈云珩,张雨萱,吴佩英,何佳宁,曹宏宇,倪景,王天旻,刘天硕,黄子英,崔菁钰,刘仔仪,赵凤婕,冯震,何穆荻,唐嘉怿,王丰,赵冉,全明润,邓云飞,康卜文,张宁,王澍,刘重,罗曼琪,臧英皓,乔宁,路猷佳,李子航,王云铎,李凌朔,吴凯,陈相呈,韩嘉依,李博鸿,张琪,郭思远,陈仕杰,张锦华,高鼎伦,陈雨涛,马会行,何佳伟,曹艺馨,王鑫,邵春蕊,高静琪,彭倚梦,姜明宇,童妍,李成功,张满,何超,马苏洋,张奥,赵雅娟,于瑞锋,郭宇,陈宝喆,段璐威,房紫怡,郭若琳,杨舒仪,张伯骏,杨光,陈蕊,邓雪慧,房紫怡,高静琪,郭若琳,黄子英,吉玥,王泽萁,吴佩英,杨舒仪,张宁,张琪,陈仕杰,陈雨涛,段璐威,黄浩然,路猷佳,倪景,全明润,沈云珩,王丰,吴凯,臧英皓,翟邵彧,桂扬,纪卓君,李晗,李千默,罗曼琪,申睿宁,童妍,王潇雨,吴若曦,杨兰馥,赵凤婕,冯震,高鼎伦,葛凯迪,姜明宇,李千寻,乔宁,孙飞凡,王博,王天旻,肖斌,张伯骏,张满,安鑫,曹艺馨,常耘绮,陈天舒,崔菁钰,范心怡,何佳宁,马会行,王鑫,张雨萱,赵冉,赵雅娟,郭思远,康卜文,李秉杰,李博鸿,李子航,王澍,王云铎,张锦华,刘天硕,刘重,毕安云凝,曹宁,韩嘉依,何穆荻,胡君薇,刘金若,刘仔仪,邵春蕊,唐嘉怿,朱彤,蔡思源,巢思易,陈宝喆,冯睿,何超,李凌朔,马苏洋,王子坤,张奥,张笑宇,张运泽,陈相呈,李晗,李秉杰,肖斌,蔡思源,曹宁,吴若曦,冯睿,陈天舒,罗曼琪,范心怡,王泽萁,翟邵彧,黄浩然,张笑宇,邓雪慧,常耘绮,何穆荻,孙雪莹,吉玥,孙飞凡,巢思易,安鑫,李千默,纪卓君,张雨萱,王丰,荣艺,葛凯迪,乔宁,崔菁钰,刘金若,陈蕊,赵冉,王潇雨,王博,申睿宁,全明润,杨兰馥,冯震,李千寻,黄子英,刘天硕,胡君薇,张运泽,刘仔仪,何佳宁,毕安云凝,沈云珩,张宁,桂扬,高鼎伦,王天旻,倪景,王子坤,赵凤婕,王澍,李凌朔,康卜文,刘重,唐嘉怿,张锦华,高静琪,李子航,陈相呈,路猷佳,韩嘉依,吴佩英,王云铎,郭若琳,郭思远,陈仕杰,臧英皓,张琪,何超,张奥,李博鸿,陈雨涛,杨舒仪,曹艺馨,王鑫,吴凯,马会行,邵春蕊,童妍,张满,马苏洋,姜明宇,赵雅娟,陈宝喆,张伯骏,房紫怡,段璐威,李晗,吴若曦,陈蕊,肖斌,陈天舒,孙雪莹,冯睿,申睿宁,常耘绮,崔菁钰,李秉杰,邓雪慧,黄子英,王泽萁,罗曼琪,范心怡,黄浩然,杨兰馥,曹宁,孙飞凡,翟邵彧,荣艺,吉玥,张笑宇,沈云珩,蔡思源,何佳宁,桂扬,李千默,王丰,刘天硕,何穆荻,葛凯迪,王博,乔宁,刘仔仪,赵冉,毕安云凝,冯震,王潇雨,全明润,刘金若,李千寻,倪景,张运泽,安鑫,巢思易,纪卓君,赵凤婕,胡君薇,王天旻,王子坤,张宁,王澍,康卜文,郭若琳,唐嘉怿,高鼎伦,陈仕杰,张锦华,李子航,杨舒仪,高静琪,陈相呈,张雨萱,王云铎,李凌朔,韩嘉依,曹艺馨,张琪,王鑫,路猷佳,吴凯,邵春蕊,李博鸿,郭思远,陈雨涛,马会行,马苏洋,童妍,赵雅娟,何超,姜明宇,张奥,张伯骏,陈宝喆,张满,段璐威,房紫怡,吴佩英,臧英皓,吴若曦,罗曼琪,陈蕊,杨兰馥,王潇雨,毕安云凝,黄子英,赵冉,刘天硕,乔宁,刘仔仪,唐嘉怿,肖斌,赵凤婕,李秉杰,蔡思源,桂扬,陈天舒,李博鸿,张宁,康卜文,李晗,范心怡,曹宁,葛凯迪,王云铎,路猷佳,纪卓君,孙飞凡,王泽萁,李凌朔,全明润,何穆荻,冯睿,郭若琳,王博,胡君薇,孙雪莹,吉玥,刘金若,黄浩然,常耘绮,翟邵彧,崔菁钰,张雨萱,邓雪慧,荣艺,巢思易,张笑宇,张琪,王丰,陈仕杰,李千默,何佳宁,倪景,冯震,王澍,吴凯,沈云珩,安鑫,李千寻,张运泽,申睿宁,王天旻,王子坤,高鼎伦,李子航,高静琪,张锦华,杨舒仪,陈相呈,姜明宇,郭思远,马会行,邵春蕊,张伯骏,何超,王鑫,童妍,张奥,马苏洋,赵雅娟,陈雨涛,张满,陈宝喆,韩嘉依,曹艺馨,房紫怡,臧英皓,吴佩英,段璐威
Chinese,83,83,82,93,86,78,82,87,82,89,89,85,88,83,92,86,87,86,86,84,73,83,87,92,75,78,83,78,78,85,80,84,82,80,78,85,88,83,85,90,82,83,77,75,79,85,86,90,78,65,76,86,82,72,74,67,81,80,77,80,72,88,71,81,68,81,65,76,77,79,75,65,69,75,84,68,24,74,67,69,71,80,71,72,76,67,66,65,78,68,74,56,60,55,0,67,61,52,58,52,87,80,80,80,80,84,82,80,78,82,84,83,77,79,81,76,83,84,85,81,80,84,77,82,84,80,78,77,86,80,76,81,76,78,79,68,82,68,76,71,79,80,72,76,71.00,75,77,78,80,77,76,81,76,72,73,74,70,65,74,67,76,78,72,71,74,73,70.00,77,78,74,73,62,72,79,75,71,70,81,74,71,76,71,71,74,64,63,64,70,61,71,68,67,67,62,63,62,60,60,60,61,106,104,98,101,99,100,98,100,98,98,100,105,102,103,94,99,94,97,93,93,98,97,105,94,97,94,97,96,90,96,93,92,102,91,95,94,87,88,92,80,100,92,101,98,93,89,97,82,85,85,82,86,92,83,80,91,85,94,76,77,85,87,84,92,87,77,86,82,95,75,73,66,84,73,77,90,88,81,78,85,75,86,77,76,70,66,77,80,69,73,75,75,61,70,65,63,79,61,63,63,73,86,88,86,92,81,84,81,81,80,78,89,81,83,81,87,72,83,81,85,86,76,83,89,88,82,87,82,83,81,74,78,72,82,84,77,78,77,75,78,84,79,83,84,69,68,83,63,67,83,80,74,63,69,81,77,78,77,65,64,54,72,80,70,82,64,66,67,64,78,66,80,69,63,71,76,65,68,69,67,46,52,68,64,65,65,50,66,56,52,53,64,,87,69,81,94,84,86,84,79,81,89,77,76,84,77,88,83,85,74,71,70,70,73,75,47,65,83,88,84,87,80,88,83,67,76,82,74,78,78,85,86,82,71,74,87,64,74,55,60,80,86,77,82,88,75,74,78,82,60,72,81,67,64,72,69,76,68,60,76,66,64,81,74,80,84,74,83,79,77,84,84,71,81,80,75,78,73,67,72,60,55,61,60,89,89,91,85,86,85,87,79,84,73,88,84,87,83,87,88,86,83,80,80,88,90,72,87,80,85,81,90,78,79,82,85,84,83,78,82,89,80,71,82,84,82,84,80,79,80,71,65,76,83,73,87,73,70,88,70,73,65,63,83,71,62,88,70,78,74,73,71,69,67,80,73,61,72,78,65,72,54,66,63,76,60,34,61,69,63,63,45,52,68,54,57,86,85,86,82,76,88,85,85,77,83,86,86,75,84,82,79,84,79,79,86,80,89,80,84,75,77,79,82,75,75,75,89,80,78,82,75,80,81,84,69,78,77,77,80,75,72,81,78,77,70,71,75,73,77,87,63,69,67,79,65,72,63,68,80,78,84,74,66,66,71,57,63,64,74,72,66,73,57,57,63,61,58,63,64,61,63,56,64,49,60,59,62,59,71,63,59,55,55,47,,89,91,89,85,85,80,86,87,90,88,88,92,87,85,88,88,80,93,88,83,80,89,91,88,86,84,88,83,86,89,88,89,86,84,85,77,86,83,81,85,90,89,84,82,86,81,76,76,79,74,81,82,80,78,80,79,77,81,79,75,83,74,85,78,67,75,75,73,80,74,74,73,74,74,88,77,80,72,76,84,77,78,81,75,78,78,60,72,77,66,77,75,72,66,63,75,60,63,76,61,94,81,83,88,85,86,88,89,78,85,84,87,82,92,86,89,87,80,81,85,86,84,83,83,81,80,85,89,79,83,79,68,91,79,78,84,80,87,78,80,73,71,75,87,83,78,82,82,74,81,85,85,75,72,81,85,76,74,75,73,82,65,67,77,73,76,64,67,79,79,71,68,76,62,77,68,66,60,65,76,63,67,74,67,71,69,62,67,62,68,49,62,62,60,50,,,,,94,89,53,68,88,88,78,81,,77,80,85,72,79,69,85,72,81,82,85,77,,73,85,91,92,89,81,90,89,81,86,92,87,84,82,64,85,79,81,88,85,79,75,94,71,66,82,69,84,88,86,84,82,79,76,82,85,72,79,77,83,80,79,69,73,78,76,87,84,89,81,88,80,84,85,74,90,88,89,88,50,80,70,80,64,82,61,79,83,68,90,86,88,81,80,88,67,81,81,74,78,75,75,77,80,82,76,85,77,75,72,78,84,83,78,67,79,74,81,81,81,78,78,80,71,78,74,86,75,77,82,57,60,69,68,65,69,85,84,61,66,68,62,76,77,60,69,67,77,75,65,65,66,62,68,69,79,60,73,64,63,59,55,58,52,68,63,62,44,68,69,52,58,60,60,58,60,52,44,64,39,47,91,86,87,79,80,85,75,83,83,85,77,87,85,81,80,77,76,83,74,77,79,75,79,74,83,72,82,81,78,77,75,75,73,77,83,74,76,75,79,80,78,73,78,73,75,71,71,77,78,73,70,77,80,62,72,72,79,68,69,67,62,67,60,68,77,63,46,79,65,71,68,62,64,65,67,72,61,63,69,65,62,67,63,47,73,51,56,47,49,,,92.,85.5,86.,88.5,88.,79.,88.,87.5,76.5,89.5,81.5,85.5,87.,83.,88.,90.5,82.,84.,80.5,83.,82.,90.5,88.5,88.,85.,78.,66.,90.5,92.5,86.5,71.5,82.,87.,80.,79.5,78.5,86.,84.5,86.5,88.5,71.,92.5,79.,88.5,80.,82.5,87.5,86.5,75.,78.5,81.,71.5,83.5,88.,82.,85.,74.,69.5,84.,84.,81.,68.,82.,77.5,73.,75.5,84.,79.5,83.,71.,72.5,76.5,76.5,81.5,78.,80.,73.5,80.5,75.,79.,71.5,71.5,66.,72.,68.,77.,70.,59.,68.,,
Oral,15.92,14.93,9.05,14.72,12.34,14.47,14.38,15.07,,13.99,13.92,10.34,10.82,13.71,7.95,13.96,13.56,12.55,13.8,13.99,10.37,,13,15.31,14.71,14.15,15.97,14.55,16.5,15.03,13.15,12.22,15.41,15.53,14.16,14.98,12.89,12.41,6.91,11.82,13.63,14.73,12.12,15.06,16.29,6.89,6.5,15.07,12.37,14.97,14.97,15.78,15.5,13.3,12.58,14,14.5,10.54,10.99,10.45,14.01,15.29,8.07,13.16,14.54,13.35,10.66,16.47,14.91,15.07,14.58,8.61,13.4,12.59,15.35,12.66,12.22,13.8,13.14,17.01,14.78,9.14,15.91,7.84,15.01,9.14,14.25,6.56,16.04,15.36,13.56,37.5,36.5,37.0,36.0,35.0,35.0,34.0,37.0,36.0,36.0,33.0,27.5,36.0,37.0,33.5,34.0,34.5,35.0,35.0,34.0,32.5,34.0,33.5,34.5,37.0,36.5,35.0,34.5,35.0,30.5,35.0,30.5,31.5,32.5,31.0,36.5,31.5,35.5,32.5,29.0,33.5,36.0,32.5,36.5,33.0,35.5,33.0,30.5,34.0,28.0,34.0,27.5,35.0,31.0,36.0,32.5,34.0,33.0,22.5,30.5,30.5,31.0,33.0,31.0,35.5,29.5,33.0,25.0,31.5,22.5,27.0,29.0,29.5,34.0,24.5,30.0,29.5,31.5,21.5,29.0,27.0,17.5,19.5,9.5,20.0,25.0,14.5,16.0,12.5,,
Gender,male,male,male,female,female,male,male,female,female,female,female,male,female,male,female,male,female,female,female,female,female,female,female,female,female,female,female,male,male,female,male,female,female,female,male,female,female,male,female,female,male,female,male,male,male,male,male,female,male,male,female,female,female,male,female,male,male,male,female,female,male,female,male,female,female,female,male,female,female,male,male,male,male,female,female,female,male,male,male,female,male,male,male,male,male,male,male,female,male,male,male,male,male,male,male,male,male,male,female,male,female,male,male,female,female,female,male,male,female,male,female,female,male,female,female,male,female,female,female,female,female,female,female,female,male,female,male,male,female,female,female,female,male,male,male,female,female,female,male,male,female,female,male,female,male,female,female,male,male,female,male,female,female,female,female,male,male,male,male,male,male,female,male,male,male,male,male,male,female,male,male,male,male,male,male,female,male,female,female,male,female,male,male,female,female,female,male,male,male,female,male,male,male,male,male,female,male,male,male,female
Biology,89,91,90,91,90,85,90,89,90,90,88,87,86,88,86,89,82,85,89,86,89,80,89,80,85,85,86,89,89,83,76,77,86,89,83,88,79,89,91,85,85,81,84,88,80,75,85,75,81,85,87,80,82,76,79,82,79,74,66,81,84,71,75,81,76,69,82,83,84,75,70,88,69,68,89,73,82,70,73,75,83,86,77,63,70,67,77,57,56,75,61,55,53,60,74,70,70,60,75,75,,,,,,,,,,,93,,88,,92,,,93,,,,,93,,,,,,,,,90,,,90,,,90,92,,83,,,81,,,,,80,,,,,,,91,,80,,,,83,,,91,,90,88,,87,89,90,74,82,85,82,75,85,87,,,81,79,88,73,86,,80,68,,,67,,,77,70,,68,75,67,61,86,,87,,92,87,77,,89,84,92,75,,,,94,93,79,84,72,87,,,,69,79,93,91,,85,,71,,,,,83,81,,93,88,,79,80,,,,65,,94,79,85,87,89,87,,85,,,,80,97,,65,,81,69,85,67,53,,86,,,83,93,95,,91,95,,88,,95,78,52,,,,68,,78,98,100,95,93,95,100,91,97,97,89,92,86,87,94,87,95,94,93,93,95,95,90,87,92,92,88,91,84,85,79,82,89,91,82,83,96,87,91,82,91,86,90,88,92,94,82,91,85,80,88,90,93,83,82,82,85,82,87,83,99,90,80,90,73,85,75,91,84,88,95,79,96,77,88,57,80,92,84,86,70,82,72,74,78,67,78,80,71,69,76,56,39,48,74,60,70,87,63,,,96,100,,,97,93,95,,96,98,93,97,93,92,,90,,95,94,,94,,97,,86,91,91,85,,,97,96,86,95,95,,90,,,90,,,96,91,89,93,89,90,97,,,88,91,92,80,78,93,,,77,87,98,84,,80,,,81,,,88,84,,,,87,86,,,,,69,,,,,85,,,,,77,,,,,,,,,,61,76,86,90,86,88,,86,,86,76,,,92,95,,89,,95,,,95,88,,,91,94,,,94,99,,84,,,93,75,92,,,93,,98,,,88,65,86,95,,,,65,66,88,88,60,86,,99,,86,98,,,89,,94,,74,93,92,,87,,,92,,81,,99,84,84,,83,79,91,,,92,90,90,91,89,91,88,78,86,89,97,88,93,93,89,90,92,88,94,92,92,82,89,88,89,89,84,81,90,90,87,92,89,80,87,88,87,91,89,78,83,82,88,81,79,81,77,85,84,92,73,80,85,88,74,90,83,80,83,74,79,85,83,78,88,73,0,74,62,96,65,96,86,67,76,86,81,77,64,66,63,83,77,75,48,60,62,74,60,,,98.,100.,93.,88.,95.,96.,96.,91.,93.,91.,97.,91.,100.,98.,100.,,92.,,93.,85.,89.,92.,,,92.,89.,99.,,94.,100.,89.,92.,92.,94.,90.,98.,96.,94.,91.,,96.,94.,94.,,91.,,,92.,,98.,86.,93.,97.,,,95.,96.,85.,95.,92.,89.,,,,,,85.,90.,,96.,,92.,95.,,,77.,84.,,,89.,,,,,68.,,,71.,,,
Science,91,87,68,89,92,76,88,93,86,90,81,88,91,77,78,79,83,77,89,85,80,84,79,80,72,95,73,76,66,72,93,64,79,95,74,87,92,88,92,75,87,85,57,67,68,73,81,84,84,76,73,82,84,79,79,67,82,82,62,84,79,78,72,85,78,73,65,91,74,74,66,74,87,63,68,73,82,69,67,79,62,80,68,71,75,70,62,66,69,54,75,62,39,65,64,57,51,61,61,71
id,920150222,920150402,920150416,920150407,920150304,920150101,920150318,920150203,920150305,920150102,920150109,920150126,920150107,920150210,920150217,920150202,920150307,920150215,920150219,920150310,920150406,920150207,920150211,920150220,920150301,920150213,920150401,920150412,920150306,920150106,920150405,920150123,920150227,920150311,920150410,920150110,920150408,920150413,920150118,920150404,920150122,920150205,920150209,920150121,920150212,920150326,920150218,920150325,920150204,920150221,920150411,920150423,920150112,920150303,920150424,920150116,920150120,920150201,920150419,920150414,920150421,920150105,920150317,920150403,920150115,920150425,920150111,920150113,920150206,920150321,920150322,920150119,920150320,920150214,920150104,920150125,920150309,920150114,920150319,920150314,920150418,920150308,920150324,920150124,920150302,920150316,920150226,920150216,920150409,920150312,920150323,920150208,920150415,920150315,920150422,920150223,920150225,920150420,920150417,920150117,920150103,920150222,920150304,920150306,920150203,920150318,920150402,920150404,920150118,920150205,920150123,920150210,920150215,920150411,920150217,920150101,920150416,920150109,920150126,920150406,920150301,920150303,920150102,920150211,920150227,920150116,920150305,920150412,920150122,920150219,920150220,920150213,920150310,920150107,920150204,920150405,920150414,920150423,920150424,920150311,920150106,920150207,920150212,920150401,920150421,920150120,920150209,920150321,920150121,920150218,920150202,920150221,920150325,920150320,920150410,920150317,920150408,920150105,920150419,920150425,920150119,920150309,920150403,920150125,920150326,920150104,920150322,920150324,920150214,920150112,920150314,920150110,920150124,920150111,920150319,920150115,920150409,920150113,920150114,920150420,920150308,920150422,920150226,920150417,920150208,920150312,920150415,920150216,920150117,920150103,920150225,920150302,920150307,920150116,920150125,920150118,920150101,920150107,920150109,920150110,920150122,920150126,920150106,920150111,920150121,920150102,920150120,920150112,920150123,920150105,920150124,920150114,920150119,920150104,920150115,920150113,920150103,920150117,920150205,920150210,920150222,920150203,920150217,920150227,920150207,920150221,920150213,920150219,920150202,920150204,920150220,920150211,920150215,920150209,920150214,920150212,920150218,920150226,920150208,920150225,920150216,920150305,920150318,920150325,920150303,920150304,920150310,920150301,920150306,920150311,920150317,920150326,920150307,920150320,920150321,920150324,920150302,920150322,920150309,920150308,920150314,920150319,920150312,920150412,920150416,920150406,920150402,920150423,920150404,920150401,920150424,920150408,920150411,920150419,920150414,920150410,920150405,920150421,920150409,920150425,920150403,920150415,920150417,920150420,920150422,920150222,920150203,920150210,920150310,920150304,920150318,920150402,920150406,920150205,920150416,920150126,920150109,920150215,920150412,920150116,920150101,920150306,920150411,920150303,920150207,920150211,920150227,920150123,920150202,920150122,920150118,920150102,920150219,920150217,920150404,920150107,920150305,920150401,920150424,920150121,920150414,920150218,920150213,920150220,920150204,920150311,920150106,920150423,920150421,920150221,920150301,920150307,920150321,920150120,920150408,920150405,920150212,920150214,920150125,920150209,920150425,920150324,920150322,920150419,920150112,920150320,920150325,920150410,920150111,920150403,920150104,920150110,920150115,920150317,920150119,920150105,920150114,920150314,920150302,920150113,920150409,920150309,920150417,920150319,920150308,920150208,920150422,920150124,920150326,920150420,920150226,920150216,920150415,920150312,920150225,920150103,920150117,920150222,920150304,920150107,920150318,920150118,920150203,920150205,920150407,920150416,920150102,920150210,920150217,920150306,920150402,920150123,920150126,920150227,920150311,920150406,920150101,920150109,920150110,920150411,920150211,920150303,920150404,920150106,920150215,920150310,920150204,920150121,920150209,920150207,920150301,920150307,920150220,920150122,920150219,920150305,920150414,920150116,920150412,920150120,920150212,920150401,920150405,920150202,920150221,920150326,920150408,920150424,920150213,920150320,920150413,920150410,920150111,920150423,920150321,920150112,920150419,920150317,920150104,920150125,920150206,920150115,920150218,920150403,920150418,920150319,920150421,920150425,920150324,920150322,920150105,920150124,920150309,920150113,920150114,920150302,920150214,920150308,920150216,920150119,920150314,920150316,920150226,920150223,920150409,920150422,920150420,920150415,920150312,920150417,920150208,920150225,920150315,920150323,920150117,920150103,920150325,920150222,920150210,920150101,920150402,920150304,920150318,920150102,920150219,920150106,920150211,920150412,920150107,920150203,920150407,920150404,920150126,920150215,920150227,920150118,920150123,920150325,920150207,920150110,920150411,920150109,920150220,920150307,920150122,920150202,920150221,920150406,920150209,920150213,920150401,920150205,920150306,920150204,920150301,920150424,920150218,920150217,920150305,920150310,920150416,920150311,920150413,920150405,920150423,920150120,920150414,920150303,920150421,920150320,920150212,920150408,920150116,920150317,920150112,920150425,920150111,920150121,920150125,920150410,920150214,920150419,920150324,920150319,920150104,920150113,920150119,920150115,920150321,920150322,920150124,920150326,920150105,920150114,920150316,920150314,920150418,920150309,920150409,920150403,920150208,920150308,920150216,920150422,920150226,920150302,920150417,920150420,920150225,920150415,920150223,920150323,920150117,920150315,920150103,920150206,920150312,920150203,920150222,920150202,920150402,920150318,920150306,920150101,920150412,920150416,920150219,920150109,920150210,920150414,920150209,920150217,920150303,920150102,920150401,920150405,920150118,920150304,920150107,920150126,920150211,920150423,920150204,920150207,920150227,920150220,920150424,920150421,920150215,920150406,920150301,920150411,920150122,920150310,920150110,920150307,920150413,920150120,920150221,920150325,920150106,920150305,920150408,920150212,920150213,920150404,920150410,920150123,920150311,920150121,920150116,920150317,920150112,920150321,920150326,920150205,920150125,920150218,920150119,920150320,920150322,920150419,920150124,920150425,920150403,920150319,920150113,920150314,920150114,920150324,920150214,920150115,920150308,920150316,920150302,920150309,920150409,920150104,920150206,920150216,920150208,920150418,920150226,920150417,920150420,920150422,920150312,920150223,920150315,920150415,920150117,920150103,920150105,920150111,920150225,920150323,12760101,12760102,12760103,12760104,12760105,12760106,12760107,12760109,12760110,12760111,12760112,12760113,12760114,12760115,12760117,12760118,12760119,12760120,12760121,12760122,12760123,12760124,12760125,12760126,12760126,12760202,12760203,12760204,12760205,12760207,12760208,12760209,12760210,12760211,12760212,12760213,12760214,12760215,12760216,12760217,12760218,12760219,12760220,12760221,12760222,12760225,12760226,12760301,12760302,12760303,12760304,12760305,12760306,12760307,12760308,12760309,12760310,12760311,12760312,12760314,12760317,12760318,12760319,12760320,12760321,12760322,12760324,12760325,12760326,12760401,12760402,12760403,12760404,12760405,12760406,12760408,12760409,12760410,12760411,12760412,12760414,12760415,12760416,12760417,12760419,12760420,12760421,12760422,12760423,12760424,12760425,920150203,920150318,920150222,920150412,920150402,920150210,920150416,920150304,920150205,920150306,920150109,920150126,920150118,920150423,920150102,920150303,920150404,920150228,920150107,920150219,920150414,920150301,920150204,920150202,920150310,920150123,920150227,920150215,920150218,920150305,920150406,920150101,920150311,920150209,920150220,920150207,920150121,920150211,920150213,920150217,920150106,920150325,920150405,920150424,920150408,920150307,920150401,920150122,920150112,920150116,920150214,920150221,920150120,920150421,920150212,920150321,920150419,920150317,920150326,920150410,920150324,920150104,920150320,920150425,920150119,920150403,920150110,920150322,920150105,920150314,920150114,920150125,920150113,920150417,920150422,920150319,920150115,920150111,920150302,920150309,920150124,920150308,920150409,920150208,920150226,920150420,920150216,920150312,920150415,920150225,920150103,920150117,920150203,920150210,920150101,920150222,920150304,920150228,920150416,920150207,920150303,920150305,920150318,920150102,920150106,920150109,920150205,920150306,920150118,920150211,920150402,920150219,920150126,920150227,920150107,920150423,920150122,920150412,920150307,920150116,920150204,920150123,920150325,920150404,920150215,920150220,920150218,920150408,920150311,920150401,920150213,920150209,920150121,920150406,920150217,920150120,920150424,920150301,920150414,920150202,920150212,920150405,920150221,920150421,920150112,920150321,920150317,920150105,920150410,920150214,920150114,920150324,920150320,920150111,920150104,920150425,920150310,920150322,920150419,920150403,920150302,920150113,920150309,920150119,920150124,920150409,920150319,920150314,920150115,920150308,920150420,920150208,920150312,920150417,920150216,920150422,920150225,920150415,920150226,920150117,920150103,920150110,920150125,920150210,920150205,920150101,920150211,920150209,920150401,920150106,920150311,920150325,920150218,920150408,920150410,920150222,920150212,920150318,920150412,920150116,920150304,920150319,920150112,920150317,920150203,920150306,920150402,920150215,920150322,920150119,920150202,920150219,920150109,920150419,920150121,920150404,920150416,920150105,920150220,920150405,920150228,920150107,920150406,920150118,920150303,920150126,920150305,920150310,920150102,920150227,920150414,920150423,920150113,920150123,920150114,920150204,920150307,920150120,920150213,920150321,920150124,920150122,920150301,920150217,920150424,920150207,920150221,920150421,920150214,920150320,920150104,920150324,920150111,920150425,920150216,920150314,920150308,920150409,920150225,920150417,920150309,920150208,920150422,920150420,920150312,920150115,920150226,920150415,920150403,920150302,920150103,920150125,920150110,920150117
note,,1,1,1,1,,,1,,1,1,,1,,,,,1,,,,,1,,,,,,1,1,1,,,1,,1,,1,,,,,,,,1,,1,,,1,,,,,1,1,1,,,1,,,1,,,,,1,,1,,1,,,1,,1,,1,1,1,,,,1,,1,,,,,,1,1,1,1,,,1,1,,借读,借读,借读,,借读,,,,,,借读,借读,,,借读,借读,,,,,借读,借读,,,,,,,,,,借读,,借读,,,,借读,借读,,,,借读,借读,,,,,,,借读,借读,,,,,,,,,借读,借读,借读,,借读,,,,借读,借读,,,,,,,借读,,借读,借读,,,,,,借读,借读,借读,借读,,,,借读,,,借读,借读,借读,,,借读,,,借读,借读,,,,,借读,,,,,借读,借读,,,,借读,,,,,,,,,,借读,借读,,,,,,,借读,借读,,,借读,,借读,,,借读,借读,,借读,,借读,,,,借读,,借读,借读,,,,借读,,借读,,,,,,借读,,,,借读,借读,,,借读,,,,借读,,1,,,1,,1,,,1,,1,1,,,,1,1,,,1,,,,,,1,,,,1,,,,,,,,,,1,1,,1,,,,,1,,1,,,1,,,,1,,,1,1,,,1,,1,,,,,1,1,,,,,,,1,,1,,1,,,1,,,1,1,1,,1,1,,,1,,1,1,1,,,1,1,,,,1,,,1,1,1,1,,,1,1,,,,,,,,,,,,,1,,1,,,1,,,1,,,,1,1,,,,,,,,,1,1,,,1,1,,1,,,1,,,,,1,,,1,1,,1,1,,1,,1,,,,,,1,1,,1,1,1,,,,1,1,,1,,1,1,,1,1,1,,,1,,,,1,,1,1,1,,,,,,,,,,,1,,,,,,,,1,1,1,1,,1,,,1,1,,,1,,,,,,1,,,,,,,,,,,1,,1,,1,1,1,1,,,1,,1,1,1,,,,,1,,1,,1,1,1,1,,1,,,1,,1,,,1,,1,,,,,,1,,1,,1,1,,1,,,,,,,1,1,,,1,,,1,,1,1,,1,1,,,,,,,,1,,1,,,,1,,1,,,1,1,,,,1,,,1,1,,,,1,1,,,,,,1,,1,,,,1,,,1,,1,1,,,1,,,1,1,,,1,1,1,1,,,,1,,1,,,1,,,,,1,,1,,1,,,,,,,1,,,,1,1,,,,,,,1,,,,,1,,1,,1,,,1,,1,,,,1,,1,,1,1,,1,1,,1,,,,,1,,,,1,,,,1,1,,,,1,,,,1,,1,1,,1,1,,,,1,,,,1,,,,,,,,,1,,,,,,,,,,1,,,1,1,1,,,,,,,1,,,1,1,,,,,1,,,,1,,,1,1,1,,1,1,1,,,1,,,,,,,1,,,,,1,,,1,1,1,1,,,,1,,1,,,,,1,1,1,,1,,1,1,,,,1,,,,,1,,,1,,1,,,,,,,,,,,1,,,,,,1,,1,,,,,,,1,,1,,,,,1,,1,,,,,,,,1,,1,,,,,1,1,1,,,1,1,1,1
Polity,,,91.,94.,,95.,93.,94.,86.,91.,96.,92.,,93.,,,85.,95.,,93.,87.,,92.,,,86.,85.,,,,85.,,,,93.,,,,96.,95.,,,,96.,94.,97.,92.,,,85.,,78.,,89.,,,,75.,86.,82.,,,,,,,,,88.,,,,32.,87.,,84.,,86.,,,66.,97.,80.,,,88.,65.,55.,,,
Moral,98,92,88,93,98,94,89,92,87,89,88,89,86,91,92,86,91,98,92,87,85,85,93,85,80,93,79,81,87,91,89,98,80,84,87,84,73,77,85,79,74,84,80,83,68,90,79,87,74,84,87,86,87,84,91,89,90,73,92,72,56,92,82,74,87,84,70,62,86,80,89,75,68,80,78,62,53,76,82,80,83,67,85,79,75,77,61,75,76,58,84,65,62,67,72,70,53,60,72,59,100,,96,100,,98,100,98,100,92,96,94,98,100,96,92,96,,,98,100,98,95,99,94,96,98,96,100,96,98,94,96,100,98,96,100,96,,96,92,96,94,90,96,98,98,88,98,89,96,98,94,98,,86,90,94,92,94,,94,88,98,94,94,,96,98,85,92,94,89,96,86,,88,90,,87,95,83,87,,84,80,84,85,90,90,79,98,79,82,,82,83,87,68,92,80,,62,,93,,,96,92,,,,,,,91,75,83,,68,71,66,77,87,47,62,,,,91,83,95,,,,,,,,87,84,,74,82,93,,80,72,63,90,,,82,90,83,89,94,85,87,82,89,,,74,86,83,75,69,,,77,,,88,,,90,,,75,90,77,,87,,,,,90,,,76,,97,99,97,96,92,96,96,98,89,91,85,94,93,94,87,90,86,92,67,90,91,83,95,89,91,95,97,82,77,81,89,87,86,97,88,97,82,92,83,92,87,94,84,59,82,72,81,80,86,69,87,82,87,84,91,89,84,89,90,69,73,83,69,89,86,92,82,87,85,74,69,51,83,80,87,81,72,77,65,74,74,95,38,82,66,68,90,59,69,67,73,75,89,59,68,59,49,38,,,95,,,94,,91,,,,,,87,,,85,90,91,,,,91,94,83,85,,,82,90,87,87,,,87,87,90,83,86,87,92,,,,76,,88,87,90,86,80,89,83,86,,,,,,,86,,81,,80,79,79,78,,85,83,83,,,76,85,78,,70,82,87,84,70,80,84,87,69,,,80,56,75,74,72,,68,54,,,,,99,94,74,,96,,88,,,,94,95,88,92,79,,80,92,,90,,,84,,,,99,,,93,88,,,91,100,92,87,87,80,91,97,97,,,94,88,,88,82,88,99,90,95,96,90,87,95,90,93,,93,,,,,85,93,,87,,,93,,,95,,,95,,,,78,,,94,80,,,,,,85,94,95,90,92,90,72,84,83,91,90,93,91,86,84,90,80,95,95,84,80,93,88,89,93,90,86,88,90,81,71,82,74,86,89,83,75,85,79,81,73,93,89,75,72,82,90,91,95,81,83,74,91,58,69,76,86,71,72,81,72,59,82,62,84,77,56,78,68,84,92,84,76,61,74,73,55,72,72,74,68,63,59,45,72,57,75,63,50,,
English,97,96,93,86,89,98,90,88,87,94,95,92,85,84,85,92,93,82,91,89,96,91,85,89,94,92,80,86,80,87,85,86,90,95,86,87,92,80,90,82,69,85,74,85,90,84,85,94,90,76,82,83,84,74,90,84,76,81,81,81,69,62,75,60,81,60,67,69,89,73,56,75,78,67,64,67,94,89,66,81,60,44,63,61,42,78,53,56,58,55,40,58,55,34,57,42,31,36,41,34,99,94,98,99,96,95,97,90,97,94,96,93,97,96,96,94,100,99,92,97,89,97,96,95,99,92,92,91,95,96,94,95,84,88,86,92,85,95,94,84,90,91,94,94,90,96,86,78,96,88,68,95,88,95,79,66,87,89,91,84,92,73,91,67,75,86,70,94,82,75,85,86,87,86,81,89,86,90,88,64,82,76,80,78,70,84,48,51,74,60,60,61,70,51,65,55,28,55,41,47,97,94,100,98,98,96,93,95,97,99,98,97,97,97,97,99,96,94,98,98,97,95,94,96,96,97,99,94,98,99,93,98,98,93,91,99,94,100,97,94,97,95,90,89,94,93,81,98,97,93,90,95,98,99,90,93,98,94,95,98,83,90,89,64,89,90,87,83,72,87,81,86,88,80,92,94,81,82,65,69,85,72,83,89,89,81,55,67,84,60,62,58,72,38,50,61,31,44,49,47,45,91,85,86,87,89,82,82,84,90,79,95,74,80,81,82,89,86,78,79,78,89,82,79,85,85,84,87,91,76,81,88,90,73,77,71,74,75,72,71,79,71,68,79,67,72,77,70,78,65,76,83,90,68,65,72,61,61,76,64,68,50,20,78,74,68,57,52,62,71,47,75,53,59,33,54,49,42,51,35,35,10,41,29,47,43,52,31,27,28,32,60,,95,92,91,89,88,87,87,87,87,85,84,83,82,79,78,78,74,71,70,70,65,58,50,35,28,96,96,96,95,95,93,89,86,85,85,84,84,84,83,82,76,71,70,66,44,42,35,27,98,96,96,94,93,88,86,85,83,81,78,76,76,76,74,72,72,57,54,45,44,31,94,94,92,89,89,88,86,85,84,83,82,81,77,71,70,61,57,52,40,38,35,23,113.5,113.5,118,109,103,103,99,105,105,117,103.5,107.5,89.5,104,108,105,100,99,104,100.5,102.5,99,102.5,98,108.5,102.5,99.5,91.5,104,96,93.5,102,103,94,100,83,85.5,104,92.5,99.5,88,108,103,82,98,98,89,92,98.5,88,78,93,85.5,106,95,79,78,81,95,105.5,78,108,77,85,66,97,103.5,78,82,78.5,81.5,81,77,76,64.5,74,60,58,43,65,63.5,41,71.5,68,49,47.5,48.5,58,49,40,38.5,29.5,97,92,82,92,92,85,89,94,93,87,92,86,92,87,87,84,92,91,89,86,85,91,78,81,90,84,88,75,90,82,82,74,80,82,75,75,87,82,74,82,67,79,85,72,87,64,70,74,74,80,74,74,73,87,63,78,83,69,83,70,70,65,66,47,54,50,55,61,49,53,61,55,54,63,56,50,57,57,60,59,55,50,46,47,59,37,49,54,24,38,50,45,33,46,34,20,27,39,42,,104,103,92,92,94,79,96,79,92,94,88,92,92,95,97,88,86,91,98,87,94,88,97,83,88,87,74,103,80,90,91,78,87,93,95,91,90,94,88,67,89,91,90,103,83,99,72,93,82,89,85,67,79,86,82,66,86,81,69,78,82,94,79,67,77,65,50,80,58,70,62,75,69,69,87,73,68,69,60,78,63,65,54,58,51,49,34,47,71,42,47,49,50,51,28,34,28,45,55,37,97,100,93,96,97,99,97,92,97,93,94,98,92,89,93,97,90,96,91,95,97,88,92,96,92,92,94,94,85,92,83,90,95,95,92,96,96,97,83,93,94,93,96,92,93,91,89,91,92,87,95,88,91,87,92,88,81,88,92,89,76,77,89,74,93,76,68,71,51,67,59,79,69,69,64,68,76,74,72,66,87,81,49,62,69,54,42,44,52,44,53,33,56,34,41,,,,,95,95,47,81,83,95,91,86,,85,85,77,81,70,48,92,77,88,96,96,93,,88,94,98,90,96,91,98,92,69,86,97,88,91,89,80,89,54,95,81,94,93,88,97,44,48,89,71,94,95,96,90,86,78,72,92,89,49,56,82,98,53,83,84,84,80,99,87,86,91,68,95,87,97,85,73,82,85,91,92,59,94,41,89,48,71,31,91,89,76,92,96,90,94,80,94,90,89,93,89,93,85,89,89,86,91,78,88,73,74,79,85,79,71,86,82,81,61,62,88,80,79,76,79,75,82,79,83,80,74,87,91,71,79,77,66,87,84,73,91,68,73,75,59,68,69,74,62,82,61,71,75,58,54,48,36,77,65,56,39,57,79,53,40,20,29,48,57,64,56,45,47,55,46,35,34,34,37,39,28,28,21,97.0,98.5,94.5,94.5,97.5,97.0,99.0,92.5,93.0,96.5,95.0,95.5,95.5,91.0,93.0,94.0,95.5,94.5,92.0,92.0,86.5,94.5,88.5,93.5,93.0,97.0,82.0,97.5,91.5,92.0,88.5,86.0,94.0,89.5,88.0,85.5,89.0,92.5,90.5,91.5,91.5,92.0,93.0,84.0,89.5,90.0,87.0,81.0,83.0,81.0,88.0,71.5,80.5,80.0,73.0,76.0,70.5,82.5,79.0,69.0,78.0,81.0,77.5,70.0,42.0,70.0,83.5,45.0,67.5,63.5,75.5,78.0,63.0,66.0,40.0,47.0,52.5,51.0,36.0,40.5,39.0,30.0,38.0,33.0,27.0,33.0,33.0,26.0,37.0,,,98.,97.,90.,94.,92.,96.,93.,82.,98.,84.,89.,85.,97.,86.,93.,97.,98.,95.,60.,85.,73.,96.,96.,94.,94.,74.,84.,90.,94.,92.,88.,93.,91.,93.,83.,89.,83.,95.,82.,91.,96.,96.,90.,96.,93.,85.,93.,94.,92.,72.,91.,81.,95.,81.,91.,88.,87.,79.,96.,91.,90.,91.,90.,89.,75.,84.,82.,83.,79.,80.,86.,48.,47.,70.,80.,39.,41.,70.,83.,22.,58.,61.,85.,47.,56.,65.,80.,36.,94.,,
date,2015-10-01,2015-10-01,2015-10-01,2015-10-01,2015-10-01,2015-10-01,2015-10-01,2015-10-01,2015-10-01,2015-10-01,2015-10-01,2015-10-01,2015-10-01,2015-10-01,2015-10-01,2015-10-01,2015-10-01,2015-10-01,2015-10-01,2015-10-01,2015-10-01,2015-10-01,2015-10-01,2015-10-01,2015-10-01,2015-10-01,2015-10-01,2015-10-01,2015-10-01,2015-10-01,2015-10-01,2015-10-01,2015-10-01,2015-10-01,2015-10-01,2015-10-01,2015-10-01,2015-10-01,2015-10-01,2015-10-01,2015-10-01,2015-10-01,2015-10-01,2015-10-01,2015-10-01,2015-10-01,2015-10-01,2015-10-01,2015-10-01,2015-10-01,2015-10-01,2015-10-01,2015-10-01,2015-10-01,2015-10-01,2015-10-01,2015-10-01,2015-10-01,2015-10-01,2015-10-01,2015-10-01,2015-10-01,2015-10-01,2015-10-01,2015-10-01,2015-10-01,2015-10-01,2015-10-01,2015-10-01,2015-10-01,2015-10-01,2015-10-01,2015-10-01,2015-10-01,2015-10-01,2015-10-01,2015-10-01,2015-10-01,2015-10-01,2015-10-01,2015-10-01,2015-10-01,2015-10-01,2015-10-01,2015-10-01,2015-10-01,2015-10-01,2015-10-01,2015-10-01,2015-10-01,2015-10-01,2015-10-01,2015-10-01,2015-10-01,2015-10-01,2015-10-01,2015-10-01,2015-10-01,2015-10-01,2015-10-01,2015-11-01,2015-11-01,2015-11-01,2015-11-01,2015-11-01,2015-11-01,2015-11-01,2015-11-01,2015-11-01,2015-11-01,2015-11-01,2015-11-01,2015-11-01,2015-11-01,2015-11-01,2015-11-01,2015-11-01,2015-11-01,2015-11-01,2015-11-01,2015-11-01,2015-11-01,2015-11-01,2015-11-01,2015-11-01,2015-11-01,2015-11-01,2015-11-01,2015-11-01,2015-11-01,2015-11-01,2015-11-01,2015-11-01,2015-11-01,2015-11-01,2015-11-01,2015-11-01,2015-11-01,2015-11-01,2015-11-01,2015-11-01,2015-11-01,2015-11-01,2015-11-01,2015-11-01,2015-11-01,2015-11-01,2015-11-01,2015-11-01,2015-11-01,2015-11-01,2015-11-01,2015-11-01,2015-11-01,2015-11-01,2015-11-01,2015-11-01,2015-11-01,2015-11-01,2015-11-01,2015-11-01,2015-11-01,2015-11-01,2015-11-01,2015-11-01,2015-11-01,2015-11-01,2015-11-01,2015-11-01,2015-11-01,2015-11-01,2015-11-01,2015-11-01,2015-11-01,2015-11-01,2015-11-01,2015-11-01,2015-11-01,2015-11-01,2015-11-01,2015-11-01,2015-11-01,2015-11-01,2015-11-01,2015-11-01,2015-11-01,2015-11-01,2015-11-01,2015-11-01,2015-11-01,2015-11-01,2015-11-01,2015-11-01,2015-11-01,2015-11-01,2015-11-01,2015-11-01,2015-11-01,2015-11-01,2015-11-01,2016-1-01,2016-1-01,2016-1-01,2016-1-01,2016-1-01,2016-1-01,2016-1-01,2016-1-01,2016-1-01,2016-1-01,2016-1-01,2016-1-01,2016-1-01,2016-1-01,2016-1-01,2016-1-01,2016-1-01,2016-1-01,2016-1-01,2016-1-01,2016-1-01,2016-1-01,2016-1-01,2016-1-01,2016-1-01,2016-1-01,2016-1-01,2016-1-01,2016-1-01,2016-1-01,2016-1-01,2016-1-01,2016-1-01,2016-1-01,2016-1-01,2016-1-01,2016-1-01,2016-1-01,2016-1-01,2016-1-01,2016-1-01,2016-1-01,2016-1-01,2016-1-01,2016-1-01,2016-1-01,2016-1-01,2016-1-01,2016-1-01,2016-1-01,2016-1-01,2016-1-01,2016-1-01,2016-1-01,2016-1-01,2016-1-01,2016-1-01,2016-1-01,2016-1-01,2016-1-01,2016-1-01,2016-1-01,2016-1-01,2016-1-01,2016-1-01,2016-1-01,2016-1-01,2016-1-01,2016-1-01,2016-1-01,2016-1-01,2016-1-01,2016-1-01,2016-1-01,2016-1-01,2016-1-01,2016-1-01,2016-1-01,2016-1-01,2016-1-01,2016-1-01,2016-1-01,2016-1-01,2016-1-01,2016-1-01,2016-1-01,2016-1-01,2016-1-01,2016-1-01,2016-1-01,2016-1-01,2016-1-01,2016-1-01,2016-1-01,2016-1-01,2016-1-01,2016-1-01,2016-1-01,2016-1-01,2016-1-01,2016-1-01,2016-10-01,2016-10-01,2016-10-01,2016-10-01,2016-10-01,2016-10-01,2016-10-01,2016-10-01,2016-10-01,2016-10-01,2016-10-01,2016-10-01,2016-10-01,2016-10-01,2016-10-01,2016-10-01,2016-10-01,2016-10-01,2016-10-01,2016-10-01,2016-10-01,2016-10-01,2016-10-01,2016-10-01,2016-10-01,2016-10-01,2016-10-01,2016-10-01,2016-10-01,2016-10-01,2016-10-01,2016-10-01,2016-10-01,2016-10-01,2016-10-01,2016-10-01,2016-10-01,2016-10-01,2016-10-01,2016-10-01,2016-10-01,2016-10-01,2016-10-01,2016-10-01,2016-10-01,2016-10-01,2016-10-01,2016-10-01,2016-10-01,2016-10-01,2016-10-01,2016-10-01,2016-10-01,2016-10-01,2016-10-01,2016-10-01,2016-10-01,2016-10-01,2016-10-01,2016-10-01,2016-10-01,2016-10-01,2016-10-01,2016-10-01,2016-10-01,2016-10-01,2016-10-01,2016-10-01,2016-10-01,2016-10-01,2016-10-01,2016-10-01,2016-10-01,2016-10-01,2016-10-01,2016-10-01,2016-10-01,2016-10-01,2016-10-01,2016-10-01,2016-10-01,2016-10-01,2016-10-01,2016-10-01,2016-10-01,2016-10-01,2016-10-01,2016-10-01,2016-10-01,2016-10-01,2016-10-01,2016-10-01,2016-11-01,2016-11-01,2016-11-01,2016-11-01,2016-11-01,2016-11-01,2016-11-01,2016-11-01,2016-11-01,2016-11-01,2016-11-01,2016-11-01,2016-11-01,2016-11-01,2016-11-01,2016-11-01,2016-11-01,2016-11-01,2016-11-01,2016-11-01,2016-11-01,2016-11-01,2016-11-01,2016-11-01,2016-11-01,2016-11-01,2016-11-01,2016-11-01,2016-11-01,2016-11-01,2016-11-01,2016-11-01,2016-11-01,2016-11-01,2016-11-01,2016-11-01,2016-11-01,2016-11-01,2016-11-01,2016-11-01,2016-11-01,2016-11-01,2016-11-01,2016-11-01,2016-11-01,2016-11-01,2016-11-01,2016-11-01,2016-11-01,2016-11-01,2016-11-01,2016-11-01,2016-11-01,2016-11-01,2016-11-01,2016-11-01,2016-11-01,2016-11-01,2016-11-01,2016-11-01,2016-11-01,2016-11-01,2016-11-01,2016-11-01,2016-11-01,2016-11-01,2016-11-01,2016-11-01,2016-11-01,2016-11-01,2016-11-01,2016-11-01,2016-11-01,2016-11-01,2016-11-01,2016-11-01,2016-11-01,2016-11-01,2016-11-01,2016-11-01,2016-11-01,2016-11-01,2016-11-01,2016-11-01,2016-11-01,2016-11-01,2016-11-01,2016-11-01,2016-11-01,2016-11-01,2016-11-01,2016-11-01,2016-12-01,2016-12-01,2016-12-01,2016-12-01,2016-12-01,2016-12-01,2016-12-01,2016-12-01,2016-12-01,2016-12-01,2016-12-01,2016-12-01,2016-12-01,2016-12-01,2016-12-01,2016-12-01,2016-12-01,2016-12-01,2016-12-01,2016-12-01,2016-12-01,2016-12-01,2016-12-01,2016-12-01,2016-12-01,2016-12-01,2016-12-01,2016-12-01,2016-12-01,2016-12-01,2016-12-01,2016-12-01,2016-12-01,2016-12-01,2016-12-01,2016-12-01,2016-12-01,2016-12-01,2016-12-01,2016-12-01,2016-12-01,2016-12-01,2016-12-01,2016-12-01,2016-12-01,2016-12-01,2016-12-01,2016-12-01,2016-12-01,2016-12-01,2016-12-01,2016-12-01,2016-12-01,2016-12-01,2016-12-01,2016-12-01,2016-12-01,2016-12-01,2016-12-01,2016-12-01,2016-12-01,2016-12-01,2016-12-01,2016-12-01,2016-12-01,2016-12-01,2016-12-01,2016-12-01,2016-12-01,2016-12-01,2016-12-01,2016-12-01,2016-12-01,2016-12-01,2016-12-01,2016-12-01,2016-12-01,2016-12-01,2016-12-01,2016-12-01,2016-12-01,2016-12-01,2016-12-01,2016-12-01,2016-12-01,2016-12-01,2016-12-01,2016-12-01,2016-12-01,2016-12-01,2016-12-01,2016-12-01,2016-4-01,2016-4-01,2016-4-01,2016-4-01,2016-4-01,2016-4-01,2016-4-01,2016-4-01,2016-4-01,2016-4-01,2016-4-01,2016-4-01,2016-4-01,2016-4-01,2016-4-01,2016-4-01,2016-4-01,2016-4-01,2016-4-01,2016-4-01,2016-4-01,2016-4-01,2016-4-01,2016-4-01,2016-4-01,2016-4-01,2016-4-01,2016-4-01,2016-4-01,2016-4-01,2016-4-01,2016-4-01,2016-4-01,2016-4-01,2016-4-01,2016-4-01,2016-4-01,2016-4-01,2016-4-01,2016-4-01,2016-4-01,2016-4-01,2016-4-01,2016-4-01,2016-4-01,2016-4-01,2016-4-01,2016-4-01,2016-4-01,2016-4-01,2016-4-01,2016-4-01,2016-4-01,2016-4-01,2016-4-01,2016-4-01,2016-4-01,2016-4-01,2016-4-01,2016-4-01,2016-4-01,2016-4-01,2016-4-01,2016-4-01,2016-4-01,2016-4-01,2016-4-01,2016-4-01,2016-4-01,2016-4-01,2016-4-01,2016-4-01,2016-4-01,2016-4-01,2016-4-01,2016-4-01,2016-4-01,2016-4-01,2016-4-01,2016-4-01,2016-4-01,2016-4-01,2016-4-01,2016-4-01,2016-4-01,2016-4-01,2016-4-01,2016-4-01,2016-4-01,2016-4-01,2016-4-01,2016-4-01,2016-4-01,2016-4-01,2016-4-01,2016-4-01,2016-4-01,2016-4-01,2016-4-01,2016-4-01,2016-5-01,2016-5-01,2016-5-01,2016-5-01,2016-5-01,2016-5-01,2016-5-01,2016-5-01,2016-5-01,2016-5-01,2016-5-01,2016-5-01,2016-5-01,2016-5-01,2016-5-01,2016-5-01,2016-5-01,2016-5-01,2016-5-01,2016-5-01,2016-5-01,2016-5-01,2016-5-01,2016-5-01,2016-5-01,2016-5-01,2016-5-01,2016-5-01,2016-5-01,2016-5-01,2016-5-01,2016-5-01,2016-5-01,2016-5-01,2016-5-01,2016-5-01,2016-5-01,2016-5-01,2016-5-01,2016-5-01,2016-5-01,2016-5-01,2016-5-01,2016-5-01,2016-5-01,2016-5-01,2016-5-01,2016-5-01,2016-5-01,2016-5-01,2016-5-01,2016-5-01,2016-5-01,2016-5-01,2016-5-01,2016-5-01,2016-5-01,2016-5-01,2016-5-01,2016-5-01,2016-5-01,2016-5-01,2016-5-01,2016-5-01,2016-5-01,2016-5-01,2016-5-01,2016-5-01,2016-5-01,2016-5-01,2016-5-01,2016-5-01,2016-5-01,2016-5-01,2016-5-01,2016-5-01,2016-5-01,2016-5-01,2016-5-01,2016-5-01,2016-5-01,2016-5-01,2016-5-01,2016-5-01,2016-5-01,2016-5-01,2016-5-01,2016-5-01,2016-5-01,2016-5-01,2016-5-01,2016-5-01,2016-5-01,2016-5-01,2016-5-01,2016-5-01,2016-5-01,2016-5-01,2016-5-01,2016-5-01,2016-7-01,2016-7-01,2016-7-01,2016-7-01,2016-7-01,2016-7-01,2016-7-01,2016-7-01,2016-7-01,2016-7-01,2016-7-01,2016-7-01,2016-7-01,2016-7-01,2016-7-01,2016-7-01,2016-7-01,2016-7-01,2016-7-01,2016-7-01,2016-7-01,2016-7-01,2016-7-01,2016-7-01,2016-7-01,2016-7-01,2016-7-01,2016-7-01,2016-7-01,2016-7-01,2016-7-01,2016-7-01,2016-7-01,2016-7-01,2016-7-01,2016-7-01,2016-7-01,2016-7-01,2016-7-01,2016-7-01,2016-7-01,2016-7-01,2016-7-01,2016-7-01,2016-7-01,2016-7-01,2016-7-01,2016-7-01,2016-7-01,2016-7-01,2016-7-01,2016-7-01,2016-7-01,2016-7-01,2016-7-01,2016-7-01,2016-7-01,2016-7-01,2016-7-01,2016-7-01,2016-7-01,2016-7-01,2016-7-01,2016-7-01,2016-7-01,2016-7-01,2016-7-01,2016-7-01,2016-7-01,2016-7-01,2016-7-01,2016-7-01,2016-7-01,2016-7-01,2016-7-01,2016-7-01,2016-7-01,2016-7-01,2016-7-01,2016-7-01,2016-7-01,2016-7-01,2016-7-01,2016-7-01,2016-7-01,2016-7-01,2016-7-01,2016-7-01,2016-7-01,2016-7-01,2016-7-01,2016-7-01,2016-7-01,2016-7-01,2016-7-01,2016-7-01,2016-7-01,2016-7-01,2016-7-01,2017-1-01,2017-1-01,2017-1-01,2017-1-01,2017-1-01,2017-1-01,2017-1-01,2017-1-01,2017-1-01,2017-1-01,2017-1-01,2017-1-01,2017-1-01,2017-1-01,2017-1-01,2017-1-01,2017-1-01,2017-1-01,2017-1-01,2017-1-01,2017-1-01,2017-1-01,2017-1-01,2017-1-01,2017-1-01,2017-1-01,2017-1-01,2017-1-01,2017-1-01,2017-1-01,2017-1-01,2017-1-01,2017-1-01,2017-1-01,2017-1-01,2017-1-01,2017-1-01,2017-1-01,2017-1-01,2017-1-01,2017-1-01,2017-1-01,2017-1-01,2017-1-01,2017-1-01,2017-1-01,2017-1-01,2017-1-01,2017-1-01,2017-1-01,2017-1-01,2017-1-01,2017-1-01,2017-1-01,2017-1-01,2017-1-01,2017-1-01,2017-1-01,2017-1-01,2017-1-01,2017-1-01,2017-1-01,2017-1-01,2017-1-01,2017-1-01,2017-1-01,2017-1-01,2017-1-01,2017-1-01,2017-1-01,2017-1-01,2017-1-01,2017-1-01,2017-1-01,2017-1-01,2017-1-01,2017-1-01,2017-1-01,2017-1-01,2017-1-01,2017-1-01,2017-1-01,2017-1-01,2017-1-01,2017-1-01,2017-1-01,2017-1-01,2017-1-01,2017-1-01,2017-1-01,2017-1-01,2017-4-01,2017-4-01,2017-4-01,2017-4-01,2017-4-01,2017-4-01,2017-4-01,2017-4-01,2017-4-01,2017-4-01,2017-4-01,2017-4-01,2017-4-01,2017-4-01,2017-4-01,2017-4-01,2017-4-01,2017-4-01,2017-4-01,2017-4-01,2017-4-01,2017-4-01,2017-4-01,2017-4-01,2017-4-01,2017-4-01,2017-4-01,2017-4-01,2017-4-01,2017-4-01,2017-4-01,2017-4-01,2017-4-01,2017-4-01,2017-4-01,2017-4-01,2017-4-01,2017-4-01,2017-4-01,2017-4-01,2017-4-01,2017-4-01,2017-4-01,2017-4-01,2017-4-01,2017-4-01,2017-4-01,2017-4-01,2017-4-01,2017-4-01,2017-4-01,2017-4-01,2017-4-01,2017-4-01,2017-4-01,2017-4-01,2017-4-01,2017-4-01,2017-4-01,2017-4-01,2017-4-01,2017-4-01,2017-4-01,2017-4-01,2017-4-01,2017-4-01,2017-4-01,2017-4-01,2017-4-01,2017-4-01,2017-4-01,2017-4-01,2017-4-01,2017-4-01,2017-4-01,2017-4-01,2017-4-01,2017-4-01,2017-4-01,2017-4-01,2017-4-01,2017-4-01,2017-4-01,2017-4-01,2017-4-01,2017-4-01,2017-4-01,2017-4-01,2017-4-01,2017-4-01,2017-4-01,2017-4-01,2017-5-01,2017-5-01,2017-5-01,2017-5-01,2017-5-01,2017-5-01,2017-5-01,2017-5-01,2017-5-01,2017-5-01,2017-5-01,2017-5-01,2017-5-01,2017-5-01,2017-5-01,2017-5-01,2017-5-01,2017-5-01,2017-5-01,2017-5-01,2017-5-01,2017-5-01,2017-5-01,2017-5-01,2017-5-01,2017-5-01,2017-5-01,2017-5-01,2017-5-01,2017-5-01,2017-5-01,2017-5-01,2017-5-01,2017-5-01,2017-5-01,2017-5-01,2017-5-01,2017-5-01,2017-5-01,2017-5-01,2017-5-01,2017-5-01,2017-5-01,2017-5-01,2017-5-01,2017-5-01,2017-5-01,2017-5-01,2017-5-01,2017-5-01,2017-5-01,2017-5-01,2017-5-01,2017-5-01,2017-5-01,2017-5-01,2017-5-01,2017-5-01,2017-5-01,2017-5-01,2017-5-01,2017-5-01,2017-5-01,2017-5-01,2017-5-01,2017-5-01,2017-5-01,2017-5-01,2017-5-01,2017-5-01,2017-5-01,2017-5-01,2017-5-01,2017-5-01,2017-5-01,2017-5-01,2017-5-01,2017-5-01,2017-5-01,2017-5-01,2017-5-01,2017-5-01,2017-5-01,2017-5-01,2017-5-01,2017-5-01,2017-5-01,2017-5-01,2017-5-01,2017-5-01,2017-5-01,2017-7-01,2017-7-01,2017-7-01,2017-7-01,2017-7-01,2017-7-01,2017-7-01,2017-7-01,2017-7-01,2017-7-01,2017-7-01,2017-7-01,2017-7-01,2017-7-01,2017-7-01,2017-7-01,2017-7-01,2017-7-01,2017-7-01,2017-7-01,2017-7-01,2017-7-01,2017-7-01,2017-7-01,2017-7-01,2017-7-01,2017-7-01,2017-7-01,2017-7-01,2017-7-01,2017-7-01,2017-7-01,2017-7-01,2017-7-01,2017-7-01,2017-7-01,2017-7-01,2017-7-01,2017-7-01,2017-7-01,2017-7-01,2017-7-01,2017-7-01,2017-7-01,2017-7-01,2017-7-01,2017-7-01,2017-7-01,2017-7-01,2017-7-01,2017-7-01,2017-7-01,2017-7-01,2017-7-01,2017-7-01,2017-7-01,2017-7-01,2017-7-01,2017-7-01,2017-7-01,2017-7-01,2017-7-01,2017-7-01,2017-7-01,2017-7-01,2017-7-01,2017-7-01,2017-7-01,2017-7-01,2017-7-01,2017-7-01,2017-7-01,2017-7-01,2017-7-01,2017-7-01,2017-7-01,2017-7-01,2017-7-01,2017-7-01,2017-7-01,2017-7-01,2017-7-01,2017-7-01,2017-7-01,2017-7-01,2017-7-01,2017-7-01,2017-7-01,2017-7-01,2017-7-01,2017-7-01
Geo,93,96,98,95,98,94,90,97,94,95,96,92,97,89,87,95,88,85,83,89,88,88,86,93,82,92,93,88,79,82,91,86,92,92,97,89,92,85,72,87,94,87,92,76,90,74,90,85,73,71,85,62,74,77,85,79,77,79,76,81,77,67,75,81,86,69,81,79,60,72,61,80,72,28,59,70,68,62,55,64,60,58,54,51,63,54,80,56,44,35,34,35,43,27,57,25,48,53,20,24,97,99,97,98,98,,,94,93,96,,91,,,,,,95,98,92,,,,90,88,94,,,89,,95,,,,,89,91,,92,94,,,,,85,,,92,,,,,,,96,,90,,96,,92,,,91,,91,90,,,,,,,,,,,,,87,,,,,,,,,,71,,,,,85,,,,,,,,77,89,,,97,,,88,,93,70,90,92,,,,,,,,,70,46,,94,,84,93,,72,89,91,73,96,91,83,71,,,,,,,79,,,,95,96,96,,,,,98,,,,91,,76,,,,,,83,,,99,95,,99,,,,93,,,,,,87,,74,71,66,45,,37,77,84,91,86,87,84,88,81,92,85,84,95,71,83,79,83,72,86,75,95,83,74,66,71,83,75,65,85,75,87,82,79,79,75,70,86,70,71,75,83,77,73,79,70,87,74,75,87,76,79,69,70,67,68,67,78,68,75,64,79,81,65,64,73,58,75,63,64,62,67,68,66,63,58,58,34,59,60,67,78,45,60,60,61,55,52,55,49,66,49,47,55,48,46,46,51,56,53,28,,,,95,96,,,,,95,97,93,93,,,,,,,,92,91,,,,,,,,,,,,,,,,,,,97,88,88,90,,,,,,,,,81,,80,,,,90,82,86,,,,,,,,92,,,,91,,,,,,,,,83,,,,,71,79,,68,77,,72,,61,,,,,,,,94,,71,,,,87,,86,,,,,48,87,,87,92,,92,,76,78,,93,93,75,90,90,73,,,,,,77,,,,,95,,86,,,71,,,,,81,88,86,,,,,,81,,99,87,,75,,,88,,,90,,85,82,,,74,,89,98,,,86,,,53,,72,,91,86,96,97,92,93,92,94,97,80,90,83,98,93,83,94,94,93,93,92,98,94,86,91,89,86,76,100,88,78,86,85,97,93,90,90,83,90,75,81,84,82,84,87,85,95,92,70,86,96,92,89,91,91,76,85,82,71,75,84,64,80,88,88,81,83,72,76,82,67,48,89,83,87,63,83,90,95,66,70,60,62,67,64,65,73,69,51,73,61,32,,,96.,96.,,,95.,,,,92.,,,,97.,81.,95.,99.,,99.,97.,,,97.,95.,95.,95.,,91.,94.,96.,95.,85.,90.,91.,89.,,91.,92.,96.,,,99.,90.,95.,98.,,93.,91.,,98.,82.,88.,,,91.,93.,,91.,,,,87.,97.,92.,96.,88.,79.,,74.,,93.,88.,76.,91.,85.,87.,,67.,76.,78.,86.,70.,72.,,86.,,,41.,42.,,,
type,monthly,monthly,monthly,monthly,monthly,monthly,monthly,monthly,monthly,monthly,monthly,monthly,monthly,monthly,monthly,monthly,monthly,monthly,monthly,monthly,monthly,monthly,monthly,monthly,monthly,monthly,monthly,monthly,monthly,monthly,monthly,monthly,monthly,monthly,monthly,monthly,monthly,monthly,monthly,monthly,monthly,monthly,monthly,monthly,monthly,monthly,monthly,monthly,monthly,monthly,monthly,monthly,monthly,monthly,monthly,monthly,monthly,monthly,monthly,monthly,monthly,monthly,monthly,monthly,monthly,monthly,monthly,monthly,monthly,monthly,monthly,monthly,monthly,monthly,monthly,monthly,monthly,monthly,monthly,monthly,monthly,monthly,monthly,monthly,monthly,monthly,monthly,monthly,monthly,monthly,monthly,monthly,monthly,monthly,monthly,monthly,monthly,monthly,monthly,monthly,mid,mid,mid,mid,mid,mid,mid,mid,mid,mid,mid,mid,mid,mid,mid,mid,mid,mid,mid,mid,mid,mid,mid,mid,mid,mid,mid,mid,mid,mid,mid,mid,mid,mid,mid,mid,mid,mid,mid,mid,mid,mid,mid,mid,mid,mid,mid,mid,mid,mid,mid,mid,mid,mid,mid,mid,mid,mid,mid,mid,mid,mid,mid,mid,mid,mid,mid,mid,mid,mid,mid,mid,mid,mid,mid,mid,mid,mid,mid,mid,mid,mid,mid,mid,mid,mid,mid,mid,mid,mid,mid,mid,mid,mid,mid,mid,mid,mid,mid,mid,end,end,end,end,end,end,end,end,end,end,end,end,end,end,end,end,end,end,end,end,end,end,end,end,end,end,end,end,end,end,end,end,end,end,end,end,end,end,end,end,end,end,end,end,end,end,end,end,end,end,end,end,end,end,end,end,end,end,end,end,end,end,end,end,end,end,end,end,end,end,end,end,end,end,end,end,end,end,end,end,end,end,end,end,end,end,end,end,end,end,end,end,end,end,end,end,end,end,end,end,end,monthly,monthly,monthly,monthly,monthly,monthly,monthly,monthly,monthly,monthly,monthly,monthly,monthly,monthly,monthly,monthly,monthly,monthly,monthly,monthly,monthly,monthly,monthly,monthly,monthly,monthly,monthly,monthly,monthly,monthly,monthly,monthly,monthly,monthly,monthly,monthly,monthly,monthly,monthly,monthly,monthly,monthly,monthly,monthly,monthly,monthly,monthly,monthly,monthly,monthly,monthly,monthly,monthly,monthly,monthly,monthly,monthly,monthly,monthly,monthly,monthly,monthly,monthly,monthly,monthly,monthly,monthly,monthly,monthly,monthly,monthly,monthly,monthly,monthly,monthly,monthly,monthly,monthly,monthly,monthly,monthly,monthly,monthly,monthly,monthly,monthly,monthly,monthly,monthly,monthly,monthly,monthly,mid,mid,mid,mid,mid,mid,mid,mid,mid,mid,mid,mid,mid,mid,mid,mid,mid,mid,mid,mid,mid,mid,mid,mid,mid,mid,mid,mid,mid,mid,mid,mid,mid,mid,mid,mid,mid,mid,mid,mid,mid,mid,mid,mid,mid,mid,mid,mid,mid,mid,mid,mid,mid,mid,mid,mid,mid,mid,mid,mid,mid,mid,mid,mid,mid,mid,mid,mid,mid,mid,mid,mid,mid,mid,mid,mid,mid,mid,mid,mid,mid,mid,mid,mid,mid,mid,mid,mid,mid,mid,mid,mid,monthly,monthly,monthly,monthly,monthly,monthly,monthly,monthly,monthly,monthly,monthly,monthly,monthly,monthly,monthly,monthly,monthly,monthly,monthly,monthly,monthly,monthly,monthly,monthly,monthly,monthly,monthly,monthly,monthly,monthly,monthly,monthly,monthly,monthly,monthly,monthly,monthly,monthly,monthly,monthly,monthly,monthly,monthly,monthly,monthly,monthly,monthly,monthly,monthly,monthly,monthly,monthly,monthly,monthly,monthly,monthly,monthly,monthly,monthly,monthly,monthly,monthly,monthly,monthly,monthly,monthly,monthly,monthly,monthly,monthly,monthly,monthly,monthly,monthly,monthly,monthly,monthly,monthly,monthly,monthly,monthly,monthly,monthly,monthly,monthly,monthly,monthly,monthly,monthly,monthly,monthly,monthly,monthly,monthly,monthly,monthly,monthly,monthly,monthly,monthly,monthly,monthly,monthly,monthly,monthly,monthly,monthly,monthly,monthly,monthly,monthly,monthly,monthly,monthly,monthly,monthly,monthly,monthly,monthly,monthly,monthly,monthly,monthly,monthly,monthly,monthly,monthly,monthly,monthly,monthly,monthly,monthly,monthly,monthly,monthly,monthly,monthly,monthly,monthly,monthly,monthly,monthly,monthly,monthly,monthly,monthly,monthly,monthly,monthly,monthly,monthly,monthly,monthly,monthly,monthly,monthly,monthly,monthly,monthly,monthly,monthly,monthly,monthly,monthly,monthly,monthly,monthly,monthly,monthly,monthly,monthly,monthly,monthly,monthly,monthly,monthly,monthly,monthly,monthly,monthly,monthly,monthly,monthly,monthly,monthly,monthly,monthly,monthly,monthly,monthly,monthly,monthly,mid,mid,mid,mid,mid,mid,mid,mid,mid,mid,mid,mid,mid,mid,mid,mid,mid,mid,mid,mid,mid,mid,mid,mid,mid,mid,mid,mid,mid,mid,mid,mid,mid,mid,mid,mid,mid,mid,mid,mid,mid,mid,mid,mid,mid,mid,mid,mid,mid,mid,mid,mid,mid,mid,mid,mid,mid,mid,mid,mid,mid,mid,mid,mid,mid,mid,mid,mid,mid,mid,mid,mid,mid,mid,mid,mid,mid,mid,mid,mid,mid,mid,mid,mid,mid,mid,mid,mid,mid,mid,mid,mid,mid,mid,mid,mid,mid,mid,mid,mid,end,end,end,end,end,end,end,end,end,end,end,end,end,end,end,end,end,end,end,end,end,end,end,end,end,end,end,end,end,end,end,end,end,end,end,end,end,end,end,end,end,end,end,end,end,end,end,end,end,end,end,end,end,end,end,end,end,end,end,end,end,end,end,end,end,end,end,end,end,end,end,end,end,end,end,end,end,end,end,end,end,end,end,end,end,end,end,end,end,end,end,end,end,end,end,end,end,end,end,end,end,end,end,end,end,end,end,end,end,end,end,end,end,end,end,end,end,end,end,end,end,end,end,end,end,end,end,end,end,end,end,end,end,end,end,end,end,end,end,end,end,end,end,end,end,end,end,end,end,end,end,end,end,end,end,end,end,end,end,end,end,end,end,end,end,end,end,end,end,end,end,end,end,end,end,end,end,end,end,end,end,end,end,end,end,end,end,end,end,end,monthly,monthly,monthly,monthly,monthly,monthly,monthly,monthly,monthly,monthly,monthly,monthly,monthly,monthly,monthly,monthly,monthly,monthly,monthly,monthly,monthly,monthly,monthly,monthly,monthly,monthly,monthly,monthly,monthly,monthly,monthly,monthly,monthly,monthly,monthly,monthly,monthly,monthly,monthly,monthly,monthly,monthly,monthly,monthly,monthly,monthly,monthly,monthly,monthly,monthly,monthly,monthly,monthly,monthly,monthly,monthly,monthly,monthly,monthly,monthly,monthly,monthly,monthly,monthly,monthly,monthly,monthly,monthly,monthly,monthly,monthly,monthly,monthly,monthly,monthly,monthly,monthly,monthly,monthly,monthly,monthly,monthly,monthly,monthly,monthly,monthly,monthly,monthly,monthly,monthly,monthly,monthly,mid,mid,mid,mid,mid,mid,mid,mid,mid,mid,mid,mid,mid,mid,mid,mid,mid,mid,mid,mid,mid,mid,mid,mid,mid,mid,mid,mid,mid,mid,mid,mid,mid,mid,mid,mid,mid,mid,mid,mid,mid,mid,mid,mid,mid,mid,mid,mid,mid,mid,mid,mid,mid,mid,mid,mid,mid,mid,mid,mid,mid,mid,mid,mid,mid,mid,mid,mid,mid,mid,mid,mid,mid,mid,mid,mid,mid,mid,mid,mid,mid,mid,mid,mid,mid,mid,mid,mid,mid,mid,mid,end,end,end,end,end,end,end,end,end,end,end,end,end,end,end,end,end,end,end,end,end,end,end,end,end,end,end,end,end,end,end,end,end,end,end,end,end,end,end,end,end,end,end,end,end,end,end,end,end,end,end,end,end,end,end,end,end,end,end,end,end,end,end,end,end,end,end,end,end,end,end,end,end,end,end,end,end,end,end,end,end,end,end,end,end,end,end,end,end,end,end
class,2,1,2,4,4,4,1,1,4,1,3,4,2,3,2,1,3,1,2,2,3,2,2,3,4,3,4,1,4,4,1,3,2,2,4,1,1,2,3,4,2,3,3,3,2,2,3,1,2,1,4,2,4,4,2,3,1,4,3,1,1,2,3,1,1,4,3,3,1,1,4,1,1,4,2,3,4,1,4,1,3,2,3,2,3,3,2,3,2,2,2,4,4,4,4,3,3,4,1,1,3,3,2,4,2,4,4,2,4,1,2,1,4,1,1,1,3,2,1,2,3,4,3,2,4,3,1,4,1,2,4,4,2,2,2,3,2,4,1,1,4,2,3,3,4,2,1,2,1,4,3,3,2,1,4,2,4,3,3,3,1,2,2,3,4,3,4,4,1,2,3,1,3,3,1,1,1,1,3,4,1,1,1,4,3,3,4,2,4,3,3,2,2,3,2,2,4,4,1,1,2,4,4,4,3,1,3,2,3,1,1,1,1,2,2,2,3,2,2,3,4,2,2,2,3,2,4,4,3,1,4,1,2,3,4,1,4,4,1,4,1,2,2,1,2,3,2,3,2,2,4,4,1,3,4,1,1,2,4,4,4,1,3,4,1,4,1,1,2,3,3,1,3,2,1,1,3,1,3,3,4,3,3,1,3,3,2,2,4,3,3,2,4,3,4,2,2,4,4,1,1,2,3,3,2,3,4,4,1,2,1,2,2,4,2,1,4,1,1,4,3,3,1,2,2,1,3,4,1,2,2,2,3,1,2,4,4,4,4,3,1,2,2,4,4,1,2,3,1,2,2,2,3,3,4,3,4,1,4,4,1,3,4,1,3,1,3,3,2,1,3,1,1,1,3,1,4,1,1,4,3,4,2,4,2,3,4,2,1,1,2,3,3,1,1,1,1,1,1,1,1,1,1,1,1,1,1,1,1,1,1,1,1,1,1,1,1,1,2,2,2,2,2,2,2,2,2,2,2,2,2,2,2,2,2,2,2,2,2,2,2,3,3,3,3,3,3,3,3,3,3,3,3,3,3,3,3,3,3,3,3,3,3,4,4,4,4,4,4,4,4,4,4,4,4,4,4,4,4,4,4,4,4,4,4,2,2,2,3,3,3,4,4,2,4,1,1,2,4,1,1,3,4,3,2,2,2,1,2,1,1,1,2,2,4,1,3,4,4,1,4,2,2,2,2,3,1,4,4,2,3,3,3,1,4,4,2,2,1,2,4,3,3,4,1,3,3,4,1,4,1,1,1,3,1,1,1,3,3,1,4,3,4,3,3,2,4,1,3,4,2,2,4,3,2,1,1,2,3,1,3,1,2,2,4,4,1,2,2,3,4,1,1,2,3,4,1,1,1,4,2,3,4,1,2,3,2,1,2,2,3,3,2,1,2,3,4,1,4,1,2,4,4,2,2,3,4,4,2,3,4,4,1,4,3,1,4,3,1,1,2,1,2,4,4,3,4,4,3,3,1,1,3,1,1,3,2,3,2,1,3,3,2,2,4,4,4,4,3,4,2,2,3,3,1,1,3,2,2,1,4,3,3,1,2,1,2,4,1,2,4,4,1,2,2,1,1,3,2,1,4,1,2,3,1,2,2,4,2,2,4,2,3,2,3,4,2,2,3,3,4,3,4,4,4,1,4,3,4,3,2,4,1,3,1,4,1,1,1,4,2,4,3,3,1,1,1,1,3,3,1,3,1,1,3,3,4,3,4,4,2,3,2,4,2,3,4,4,2,4,2,3,1,3,1,2,3,2,2,2,4,3,3,1,4,4,2,1,2,4,2,2,3,1,4,4,1,3,1,1,2,4,2,2,2,2,4,4,2,4,3,4,1,3,1,3,4,1,2,3,1,3,4,2,2,4,4,1,3,1,1,3,1,3,3,2,1,2,1,3,3,4,1,4,4,3,1,3,1,3,2,1,3,3,3,3,4,1,2,2,2,4,2,4,4,4,3,2,3,4,1,1,1,1,2,3,2,3,2,4,4,2,4,3,2,3,1,1,1,4,1,3,4,2,1,2,4,3,2,2,3,1,2,2,2,3,4,1,3,2,2,2,1,2,2,2,1,3,4,4,4,3,4,1,1,1,2,2,1,4,2,3,4,3,3,4,3,1,3,4,1,4,1,3,1,3,1,1,1,4,4,3,1,1,3,3,1,3,4,2,2,4,2,3,4,2,1,1,2,2,1,2,3,2,4,2,3,3,3,1,1,1,2,3,1,2,4,2,1,2,1,4,1,4,3,1,2,1,3,4,2,2,2,4,3,4,2,2,1,4,2,1,4,3,4,2,2,4,2,4,1,3,3,1,4,2,1,3,3,1,1,4,3,3,4,4,3,1,3,1,1,4,3,3,1,3,4,2,3,4,2,4,2,4,2,1,1,1,1,2,2,1,2,2,4,1,3,3,2,4,4,2,2,3,4,1,3,3,1,3,2,3,4,2,3,1,2,2,1,4,1,4,4,1,2,4,2,1,4,1,3,1,3,3,1,2,4,4,1,1,1,2,3,1,2,3,1,1,3,2,4,2,2,4,2,3,1,3,1,4,2,3,3,4,2,4,3,2,4,4,3,1,2,4,4,3,1,1,1,1
Math,103,97,101,97,100,97,99,96,102,87,86,91,93,97,86,84,82,91,82,86,90,84,86,76,88,86,93,91,96,82,88,83,79,76,86,76,68,83,71,74,94,75,92,83,73,72,70,56,72,98,81,69,72,90,70,81,74,65,67,61,80,71,74,78,69,76,82,67,44,58,78,68,61,60,52,65,82,36,64,46,64,68,53,49,64,36,57,54,36,48,54,46,34,53,84,25,37,40,18,25,99,103,102,95,88,98,102,99,103,100,99,93,94,89,88,94,102,86,100,92,97,94,92,95,96,82,90,91,79,88,89,81,103,82,78,91,91,88,86,93,94,85,82,80,96,91,78,88,94,93,83,93,79,85,88,88,80,90,65,86,90,85,85,85,78,90,78,84,81,75,81,81,74,87,60,82,78,45,84,74,68,68,50,87,61,74,62,61,67,67,42,60,64,64,27,25,58,34,13,10,96,93,97,90,95,91,96,95,94,96,94,94,93,80,96,88,90,94,90,92,86,95,84,90,94,87,74,82,89,78,86,90,92,84,89,83,89,86,86,95,84,81,80,96,86,82,85,93,91,86,88,83,76,83,85,85,83,84,87,94,84,84,80,88,71,77,74,78,79,88,87,81,80,83,72,65,79,72,84,81,81,85,81,60,80,75,74,61,56,72,66,50,60,71,61,61,60,76,64,18,18,95,92,95,86,87,85,88,86,83,89,69,90,82,87,85,77,90,82,74,82,81,80,76,66,80,72,64,70,81,86,78,76,86,73,80,80,77,83,76,65,82,61,64,84,82,71,76,76,64,65,72,65,68,64,68,75,65,58,69,69,58,87,48,60,60,62,64,61,38,53,27,62,65,69,53,58,52,47,58,60,62,36,53,30,33,27,33,23,20,25,56,,88,62,89,74,97,93,41,60,93,72,66,92,79,82,44,86,56,68,55,64,57,58,67,21,17,97,86,103,87,84,70,91,74,76,86,79,77,81,77,94,66,77,74,82,45,44,25,50,83,101,82,86,102,77,84,101,63,50,66,78,81,88,74,65,54,36,60,66,78,36,91,88,87,94,77,88,73,86,67,91,65,92,72,79,75,44,67,84,39,57,52,69,109,91,81,90,93,95,91,97,91,87,93,91,100,84,83,86,94,90,88,94,89,83,89,79,80,89,83,94,78,87,84,84,81,92,95,88,81,70,89,74,91,65,69,80,77,73,86,81,69,81,86,67,76,75,56,75,80,81,61,59,78,51,55,61,73,55,35,59,71,58,54,47,56,59,60,54,62,60,64,47,38,62,55,44,38,48,28,34,35,30,20,14,110,107,110,104,109,104,100,94,103,101,92,97,102,98,99,105,91,97,99,94,100,83,105,97,96,98,91,101,93,100,98,92,93,93,94,100,82,85,89,96,100,89,81,91,81,107,90,88,88,86,91,85,88,68,80,85,73,88,61,88,77,87,79,86,75,72,76,76,86,77,82,81,79,58,65,77,62,78,75,69,71,69,67,65,50,69,63,50,92,62,47,48,57,22,39,53,50,29,9,,107,84,98,88,98,103,96,88,89,94,89,94,100,83,91,103,97,84,90,99,95,102,80,84,91,98,85,90,95,84,80,84,85,84,77,87,89,84,84,89,96,77,97,84,82,92,94,79,81,95,80,89,96,84,86,91,71,66,75,73,95,83,73,85,82,78,81,72,71,74,82,90,76,54,67,66,67,68,79,69,69,53,95,23,75,57,86,46,53,48,49,53,49,74,62,17,49,20,73,35,98,99,99,92,90,98,85,88,93,91,95,86,86,80,93,86,85,79,92,82,79,81,91,87,87,89,92,86,94,83,91,95,82,84,85,81,86,71,86,85,83,81,92,68,81,85,82,83,88,75,86,82,89,81,71,73,82,79,78,79,85,79,87,80,80,72,83,92,81,74,80,63,73,72,71,78,80,77,68,63,75,72,71,54,68,51,52,60,72,60,62,60,48,20,19,,,,,76,86,29,50,55,64,81,82,,60,60,51,56,54,39,82,66,73,84,82,85,,52,80,71,85,84,65,86,84,66,75,78,79,75,65,71,79,48,71,77,85,73,77,97,42,44,85,53,78,83,72,80,80,66,65,73,75,46,68,69,89,67,83,79,67,58,85,57,71,80,74,86,84,82,86,56,61,83,77,82,39,76,60,81,46,69,63,79,74,76,94,91,96,88,91,78,94,86,86,88,89,89,84,76,76,78,83,65,80,85,86,72,74,73,82,82,76,80,79,77,72,67,83,75,87,80,82,55,61,77,51,76,84,73,65,79,66,61,61,74,70,67,74,75,67,77,64,72,56,40,63,58,64,73,57,73,29,60,36,66,35,30,47,59,75,61,41,35,48,26,38,49,32,36,41,35,26,27,30,18,20,17,84.0,88.0,86.5,94.0,91.0,83.5,91.0,86.5,86.0,79.5,91.5,86.0,79.0,85.5,88.0,88.5,87.5,80.5,90.0,87.5,92.5,86.5,88.5,85.0,74.0,80.0,86.0,71.5,78.0,83.0,84.0,90.0,83.0,82.5,78.0,84.0,83.0,76.0,76.5,78.0,75.5,75.0,71.0,81.0,76.0,76.5,81.0,82.0,74.5,86.0,71.0,83.0,60.0,82.0,70.0,70.0,66.0,65.5,74.5,78.0,73.5,63.5,69.5,71.0,84.5,71.5,69.0,82.0,64.0,70.0,53.5,54.0,65.5,57.0,74.0,56.0,61.5,58.5,69.0,52.0,44.5,57.0,47.5,78.0,42.0,47.0,49.0,41.0,9.0,,,79.,89.,79.,71.,60.,67.,63.,79.,72.,72.,71.,53.,95.,66.,94.,83.,60.,94.,69.,59.,73.,84.,87.,80.,85.,65.,51.,81.,77.,78.,64.,88.,83.,81.,49.,87.,80.,74.,83.,79.,74.,75.,83.,64.,79.,77.,80.,76.,72.,53.,83.,58.,79.,77.,80.,63.,82.,66.,65.,79.,76.,73.,80.,65.,80.,71.,71.,64.,57.,61.,62.,32.,67.,48.,58.,29.,47.,55.,47.,80.,60.,45.,40.,29.,45.,57.,39.,11.,74.,,
History,100,100,98,98,100,100,94,96,92,89,84,96,94,98,99,94,82,91,86,94,98,98,92,94,94,94,98,97,98,91,96,92,87,94,95,90,98,98,92,96,76,83,86,90,92,85,89,92,84,83,94,82,92,88,82,90,84,92,96,88,82,88,73,94,76,80,100,68,74,88,80,66,96,97,82,76,84,95,63,83,54,74,83,63,79,60,80,84,73,78,81,86,68,83,45,84,60,36,59,38,,100,,,96,100,98,,,,,,,96,,96,98,,94,,92,86,,,,,100,100,,96,,,76,96,,,,,,,,92,90,,,92,92,,,98,94,88,88,85,96,,,,,79,98,,94,,,,,,81,,,,,,,80,,,96,,73,,,87,,,84,,,,71,,75,81,,,84,,,,,81,,,94,78,,,69,,88,,,81,71,77,,,83,,,,69,,,,,96,,,,,,93,89,95,92,,,96,,86,77,,,60,52,81,,,,,,,,,,,77,82,,82,,72,,67,,,,80,,92,,92,97,85,,85,83,,,,68,80,,88,,62,,62,61,,,95,96,94,100,92,94,92,94,92,92,93,100,87,93,89,85,92,92,87,81,88,96,92,92,87,92,88,85,92,96,92,94,90,88,81,77,88,74,89,87,66,64,71,76,80,79,78,87,88,87,77,89,75,86,68,85,88,88,80,79,64,71,80,91,69,89,89,69,77,68,85,67,74,87,87,70,65,67,54,73,62,62,78,90,69,66,42,75,48,74,63,80,60,30,46,62,33,20,,,,,100,100,99,,100,100,,,,,100,99,95,,98,100,,95,,99,,95,99,92,,,98,98,93,93,,,,94,,94,,,97,100,,96,,,,,,99,,,,92,99,98,,98,,95,,88,,96,,100,93,,96,86,,92,89,93,90,78,,82,80,,76,,82,83,,93,82,,,68,,,74,72,46,,,,,98,,,,,94,,,,,94,,,88,,,,,,86,,,,,94,94,,,,,,98,98,96,,100,,,,,98,,92,94,,90,88,,,,,,,,,,,,,,98,,96,96,,92,92,,100,92,98,,,,94,96,78,90,,96,92,74,,76,,,88,,94,98,92,96,96,98,94,98,100,71,90,89,80,94,96,96,92,96,98,92,96,100,96,82,89,96,94,80,99,99,84,90,93,76,89,84,91,100,89,87,99,98,98,84,94,86,96,91,88,92,97,88,93,90,93,98,49,94,80,90,98,85,92,82,66,73,82,92,73,1,82,44,89,88,79,85,78,93,52,73,36,64,82,48,62,47,23,99,79,87,74,50,,,100.,92.,96.,94.,94.,85.,92.,90.,,94.,84.,96.,,,,98.,77.,,98.,92.,90.,,,98.,,92.,,96.,,,,,,,75.,,,,,90.,,,,,,,,85.,98.,,,74.,88.,,90.,94.,,86.,,,,98.,70.,96.,81.,86.,80.,,84.,,74.,78.,,,62.,86.,60.,,70.,,,,67.,88.,68.,65.,,,,,
